test_Adachi_00001.jpg,2 24 238 226 571
test_Adachi_00002.jpg,2 88 203 297 591
test_Adachi_00003.jpg,2 0 304 199 449
test_Adachi_00004.jpg,8 120 275 232 582
test_Adachi_00005.jpg,5 246 430 594 581
test_Adachi_00006.jpg,2 3 344 141 597
test_Adachi_00007.jpg,5 1 262 522 562
test_Adachi_00008.jpg,2 420 349 593 480
test_Adachi_00009.jpg,8 369 364 539 597 2 360 347 539 593
test_Adachi_00010.jpg,2 420 201 596 429
test_Adachi_00011.jpg,8 0 252 94 380 2 225 324 480 570 3 6 354 227 420
test_Adachi_00012.jpg,2 347 329 560 593
test_Adachi_00013.jpg,2 399 358 541 595
test_Adachi_00014.jpg,2 198 372 326 592
test_Adachi_00015.jpg,1 103 115 243 511 1 338 349 592 470
test_Adachi_00016.jpg,1 373 316 478 525
test_Adachi_00017.jpg,2 231 290 306 555
test_Adachi_00018.jpg,2 337 312 420 591
test_Adachi_00019.jpg,8 348 440 458 594 2 233 465 271 564
test_Adachi_00020.jpg,5 50 251 388 534
test_Adachi_00021.jpg,2 131 192 271 588
test_Adachi_00022.jpg,1 294 491 400 595 1 189 316 295 490
test_Adachi_00023.jpg,2 86 286 226 575 8 265 236 473 300
test_Adachi_00024.jpg,2 41 188 284 592
test_Adachi_00025.jpg,2 290 289 390 579
test_Adachi_00026.jpg,1 219 443 419 595
test_Adachi_00027.jpg,8 427 261 594 574
test_Adachi_00028.jpg,2 303 164 526 597 8 389 362 530 595
test_Adachi_00029.jpg,8 2 213 210 344
test_Adachi_00030.jpg,7 57 167 597 388
test_Adachi_00031.jpg,2 161 263 445 474
test_Adachi_00032.jpg,7 0 329 595 529
test_Adachi_00033.jpg,0 -1 -1 -1 -1
test_Adachi_00034.jpg,8 3 373 152 587 7 201 383 594 596 8 201 383 594 596
test_Adachi_00035.jpg,4 213 427 600 553
test_Adachi_00036.jpg,2 428 239 597 424
test_Adachi_00037.jpg,2 411 206 565 392
test_Adachi_00038.jpg,2 389 397 599 548
test_Adachi_00039.jpg,8 339 346 557 538 2 248 189 335 497 8 0 179 195 384 8 351 275 576 463
test_Adachi_00040.jpg,1 0 314 160 538 3 20 254 488 458
test_Adachi_00041.jpg,2 379 276 535 550 2 73 241 239 587 2 134 220 247 411
test_Adachi_00042.jpg,8 369 206 596 491 1 256 195 324 433
test_Adachi_00043.jpg,8 428 262 598 509
test_Adachi_00044.jpg,2 40 145 223 501 2 10 148 151 273
test_Adachi_00045.jpg,8 207 264 378 559 2 358 197 516 577
test_Adachi_00046.jpg,8 373 201 502 571 2 3 210 255 470
test_Adachi_00047.jpg,1 121 296 278 552
test_Adachi_00048.jpg,7 125 150 598 285
test_Adachi_00049.jpg,3 86 281 535 455
test_Adachi_00050.jpg,2 374 350 594 593
test_Adachi_00051.jpg,2 276 102 483 252 5 92 288 451 551 1 108 304 415 543
test_Adachi_00052.jpg,1 409 265 482 363
test_Adachi_00053.jpg,8 406 330 525 520 2 87 339 292 584
test_Adachi_00054.jpg,2 119 402 179 588
test_Adachi_00055.jpg,8 1 187 353 492 7 0 188 351 485
test_Adachi_00056.jpg,2 367 258 531 580
test_Adachi_00057.jpg,0 -1 -1 -1 -1
test_Adachi_00058.jpg,1 329 125 595 477 8 2 210 90 362
test_Adachi_00059.jpg,2 120 296 288 581
test_Adachi_00060.jpg,3 404 269 566 344
test_Adachi_00061.jpg,1 450 284 596 433 2 450 284 596 433
test_Adachi_00062.jpg,7 11 345 595 549
test_Adachi_00063.jpg,2 471 288 598 430
test_Adachi_00064.jpg,8 130 376 231 576
test_Adachi_00065.jpg,8 461 419 599 584
test_Adachi_00066.jpg,7 92 390 600 598
test_Adachi_00067.jpg,2 188 390 255 593 8 350 332 549 595 1 171 285 247 387
test_Adachi_00068.jpg,2 460 195 598 283 1 105 323 582 539 3 105 325 584 537
test_Adachi_00069.jpg,5 4 206 181 454
test_Adachi_00070.jpg,2 334 366 469 592
test_Adachi_00071.jpg,2 325 298 400 424
test_Adachi_00072.jpg,8 489 305 596 467
test_Adachi_00073.jpg,2 338 375 533 593
test_Adachi_00074.jpg,1 438 381 568 598 3 237 341 430 413
test_Adachi_00075.jpg,2 91 395 204 593
test_Adachi_00076.jpg,8 50 275 591 531 7 47 276 587 534
test_Adachi_00077.jpg,2 404 409 461 590
test_Adachi_00078.jpg,1 369 300 511 450 8 374 237 596 412 2 359 230 596 380
test_Adachi_00079.jpg,8 151 333 233 581
test_Adachi_00080.jpg,1 329 340 510 585
test_Adachi_00081.jpg,7 17 293 586 424
test_Adachi_00082.jpg,2 103 263 261 435
test_Adachi_00083.jpg,8 0 200 216 476 2 325 204 432 560 8 244 174 334 311
test_Adachi_00084.jpg,1 378 474 478 595
test_Adachi_00085.jpg,2 153 309 266 589
test_Adachi_00086.jpg,1 319 299 418 413 1 152 313 256 527
test_Adachi_00087.jpg,2 346 439 418 596
test_Adachi_00088.jpg,2 190 287 269 486 2 7 262 211 589
test_Adachi_00089.jpg,8 282 369 449 547 8 468 425 538 594 5 374 443 483 587 1 369 459 487 588
test_Adachi_00090.jpg,1 93 450 250 592 8 401 296 599 546
test_Adachi_00091.jpg,1 121 377 325 587
test_Adachi_00092.jpg,2 218 354 301 589
test_Adachi_00093.jpg,2 362 283 429 579 8 153 334 600 557 2 206 356 277 587
test_Adachi_00094.jpg,2 384 269 598 500 8 384 264 598 491
test_Adachi_00095.jpg,2 186 372 281 591
test_Adachi_00096.jpg,2 282 290 411 594 8 262 250 347 416
test_Adachi_00097.jpg,1 1 337 245 509
test_Adachi_00098.jpg,2 149 388 249 585 1 387 411 474 512 7 133 287 600 395
test_Adachi_00099.jpg,8 33 290 201 595
test_Adachi_00100.jpg,7 0 426 597 600
test_Adachi_00101.jpg,7 19 375 508 597 2 399 303 592 527
test_Adachi_00102.jpg,0 -1 -1 -1 -1
test_Adachi_00103.jpg,1 289 321 448 527 5 291 321 449 526
test_Adachi_00104.jpg,7 11 200 597 531
test_Adachi_00105.jpg,1 81 153 241 600 3 288 303 573 378
test_Adachi_00106.jpg,2 378 284 552 594 1 141 462 213 558
test_Adachi_00107.jpg,8 18 161 265 596 8 269 164 351 214 2 375 214 586 577 2 434 316 594 574 8 384 198 566 345
test_Adachi_00108.jpg,2 32 95 171 293
test_Adachi_00109.jpg,2 479 428 593 546
test_Adachi_00110.jpg,1 292 470 348 593
test_Adachi_00111.jpg,1 317 251 475 474
test_Adachi_00112.jpg,0 -1 -1 -1 -1
test_Adachi_00113.jpg,8 97 306 240 600
test_Adachi_00114.jpg,3 317 328 525 429
test_Adachi_00115.jpg,8 506 427 597 523
test_Adachi_00116.jpg,2 194 246 290 555
test_Adachi_00117.jpg,2 316 367 393 542
test_Adachi_00118.jpg,1 247 289 351 442
test_Adachi_00119.jpg,7 121 326 598 549
test_Adachi_00120.jpg,2 396 246 579 573 3 233 445 552 529
test_Adachi_00121.jpg,0 -1 -1 -1 -1
test_Adachi_00122.jpg,1 125 280 353 550
test_Adachi_00123.jpg,8 436 493 494 552
test_Adachi_00124.jpg,2 429 393 595 567 1 430 394 594 568
test_Adachi_00125.jpg,8 408 422 550 591 8 0 385 161 567 7 116 324 595 441
test_Adachi_00126.jpg,2 438 251 599 459 2 15 311 194 585
test_Adachi_00127.jpg,1 135 476 207 592 8 382 326 594 545 1 140 458 256 582
test_Adachi_00128.jpg,1 31 324 244 580
test_Adachi_00129.jpg,2 425 243 600 439
test_Adachi_00130.jpg,2 61 294 251 589 8 387 190 594 489 2 424 345 575 584 2 396 218 587 553
test_Adachi_00131.jpg,5 193 351 513 590 1 191 348 512 589
test_Adachi_00132.jpg,8 165 308 316 418 2 0 342 302 553 6 172 309 312 414
test_Adachi_00133.jpg,2 417 274 596 520 2 310 275 396 587
test_Adachi_00134.jpg,8 334 350 595 562 2 0 294 108 481
test_Adachi_00135.jpg,1 49 419 205 561 1 458 450 538 520 1 336 351 475 441
test_Adachi_00136.jpg,7 22 258 594 597
test_Adachi_00137.jpg,1 430 290 592 415 8 456 256 598 347
test_Adachi_00138.jpg,2 447 316 594 530
test_Adachi_00139.jpg,1 458 418 592 581 8 418 193 597 336
test_Adachi_00140.jpg,8 422 386 583 596 2 284 299 315 394
test_Adachi_00141.jpg,2 263 256 418 589
test_Adachi_00142.jpg,8 388 365 589 599
test_Adachi_00143.jpg,1 297 272 558 513
test_Adachi_00144.jpg,8 331 391 534 568
test_Adachi_00145.jpg,3 206 425 593 587
test_Adachi_00146.jpg,8 368 399 528 595 2 351 378 506 599
test_Adachi_00147.jpg,2 308 308 384 592
test_Adachi_00148.jpg,8 145 374 586 562 6 144 373 588 562
test_Adachi_00149.jpg,3 263 407 522 468
test_Adachi_00150.jpg,6 235 374 575 588
test_Adachi_00151.jpg,1 332 272 586 543 1 188 387 427 534 3 187 387 468 527 3 267 322 556 513
test_Adachi_00152.jpg,2 199 334 269 549
test_Adachi_00153.jpg,1 266 449 365 593 8 359 322 582 463
test_Adachi_00154.jpg,1 329 380 559 591
test_Adachi_00155.jpg,2 367 287 592 508
test_Adachi_00156.jpg,7 8 245 593 465
test_Adachi_00157.jpg,2 380 341 459 593
test_Adachi_00158.jpg,5 135 372 597 595
test_Adachi_00159.jpg,8 207 311 292 596
test_Adachi_00160.jpg,2 309 332 407 584
test_Adachi_00161.jpg,8 130 342 418 595
test_Adachi_00162.jpg,2 416 248 593 517
test_Adachi_00163.jpg,2 373 324 539 521
test_Adachi_00164.jpg,5 59 316 380 592 8 240 191 314 308
test_Adachi_00165.jpg,7 40 194 600 399
test_Adachi_00166.jpg,1 391 324 460 385 2 107 212 209 586
test_Adachi_00167.jpg,2 213 222 281 314 2 362 326 455 593 4 95 266 494 385
test_Adachi_00168.jpg,8 1 288 257 486
test_Adachi_00169.jpg,1 200 320 305 560
test_Adachi_00170.jpg,5 137 361 575 596
test_Adachi_00171.jpg,8 404 369 598 546
test_Adachi_00172.jpg,1 140 196 285 445
test_Adachi_00173.jpg,2 350 349 543 580
test_Adachi_00174.jpg,7 6 340 559 481
test_Adachi_00175.jpg,2 359 291 439 589 8 390 270 472 314 1 511 484 594 590
test_Adachi_00176.jpg,2 401 305 483 453
test_Adachi_00177.jpg,8 409 253 592 592
test_Adachi_00178.jpg,2 55 301 233 594
test_Adachi_00179.jpg,5 37 391 549 595 5 324 331 571 563
test_Adachi_00180.jpg,2 15 191 232 333 2 323 212 413 577
test_Adachi_00181.jpg,0 -1 -1 -1 -1
test_Adachi_00182.jpg,2 355 179 569 589
test_Adachi_00183.jpg,1 434 288 600 548
test_Adachi_00184.jpg,1 173 203 271 437
test_Adachi_00185.jpg,1 253 343 388 589
test_Adachi_00186.jpg,2 47 243 200 468 3 169 227 582 367 4 126 175 266 212 2 113 222 241 511
test_Adachi_00187.jpg,1 119 317 274 502 2 406 229 593 564
test_Adachi_00188.jpg,2 330 282 386 498
test_Adachi_00189.jpg,2 111 175 272 577 2 0 233 130 344 2 476 366 597 530
test_Adachi_00190.jpg,8 256 430 359 591
test_Adachi_00191.jpg,1 449 232 594 416
test_Adachi_00192.jpg,8 459 348 597 516 2 233 134 340 519 2 460 349 596 519
test_Adachi_00193.jpg,2 387 366 542 597
test_Adachi_00194.jpg,2 416 366 599 553
test_Adachi_00195.jpg,3 83 428 325 529
test_Adachi_00196.jpg,2 353 327 568 581
test_Adachi_00197.jpg,8 396 417 490 574 2 330 221 469 542 8 11 342 250 567
test_Adachi_00198.jpg,2 392 334 597 541
test_Adachi_00199.jpg,1 78 197 286 500 1 344 206 469 400
test_Adachi_00200.jpg,8 413 332 600 497 2 412 330 599 497
test_Adachi_00201.jpg,8 365 385 476 458 8 314 454 380 589 2 313 456 378 590
test_Adachi_00202.jpg,2 105 383 286 556
test_Adachi_00203.jpg,2 276 355 341 592
test_Adachi_00204.jpg,1 210 412 292 557 5 210 412 292 557
test_Adachi_00205.jpg,2 215 189 319 575
test_Adachi_00206.jpg,8 428 276 597 500
test_Adachi_00207.jpg,1 423 210 596 406
test_Adachi_00208.jpg,5 188 373 575 595 2 360 312 558 600
test_Adachi_00209.jpg,2 4 130 190 470 1 396 271 497 434
test_Adachi_00210.jpg,8 76 359 413 598
test_Adachi_00211.jpg,1 74 217 278 515 1 355 222 501 417
test_Adachi_00212.jpg,6 49 340 443 526
test_Adachi_00213.jpg,2 246 340 292 531 2 388 387 580 572
test_Adachi_00214.jpg,1 21 415 148 555 8 358 321 592 592
test_Adachi_00215.jpg,2 341 190 531 583
test_Adachi_00216.jpg,1 150 334 239 447 2 260 450 310 597
test_Adachi_00217.jpg,7 0 321 593 518
test_Adachi_00218.jpg,7 2 227 354 483 2 432 207 559 557
test_Adachi_00219.jpg,5 310 367 457 495
test_Adachi_00220.jpg,1 361 449 510 583
test_Adachi_00221.jpg,1 381 416 482 534 8 393 376 531 544
test_Adachi_00222.jpg,1 460 283 592 444 5 90 433 582 585
test_Adachi_00223.jpg,5 237 406 401 461
test_Adachi_00224.jpg,2 189 365 276 577 2 264 147 323 308 2 463 293 599 488
test_Adachi_00225.jpg,8 27 246 209 550 8 85 164 479 494 8 41 203 323 516
test_Adachi_00226.jpg,2 282 310 591 527
test_Adachi_00227.jpg,8 19 214 223 322
test_Adachi_00228.jpg,7 43 317 598 596
test_Adachi_00229.jpg,2 435 460 548 592
test_Adachi_00230.jpg,7 5 299 582 590
test_Adachi_00231.jpg,1 343 142 592 467 1 156 119 284 521 8 7 140 206 450 1 411 153 565 252
test_Adachi_00232.jpg,8 386 444 507 592
test_Adachi_00233.jpg,1 320 168 441 403 8 0 105 210 393
test_Adachi_00234.jpg,6 183 378 268 584
test_Adachi_00235.jpg,7 136 147 595 300
test_Adachi_00236.jpg,8 409 281 598 480
test_Adachi_00237.jpg,8 274 299 595 501 3 59 366 309 476
test_Adachi_00238.jpg,2 229 202 296 476
test_Adachi_00239.jpg,1 491 389 587 540
test_Adachi_00240.jpg,0 -1 -1 -1 -1
test_Adachi_00241.jpg,2 118 434 221 597
test_Adachi_00242.jpg,2 3 304 239 533 8 420 299 597 507
test_Adachi_00243.jpg,8 194 470 516 593
test_Adachi_00244.jpg,8 372 488 450 595
test_Adachi_00245.jpg,1 433 320 594 592
test_Adachi_00246.jpg,7 10 138 572 305
test_Adachi_00247.jpg,2 446 391 596 553
test_Adachi_00248.jpg,5 191 285 587 563
test_Adachi_00249.jpg,8 119 342 470 597
test_Adachi_00250.jpg,2 293 292 428 588
test_Adachi_00251.jpg,1 339 384 463 508
test_Adachi_00252.jpg,1 272 308 372 438 8 365 316 594 434
test_Adachi_00253.jpg,1 9 199 381 485
test_Adachi_00254.jpg,8 0 164 159 369 2 329 190 456 528
test_Adachi_00255.jpg,8 131 370 301 514 2 355 375 426 595
test_Adachi_00256.jpg,1 190 452 329 576 8 504 365 598 471
test_Adachi_00257.jpg,7 15 164 593 324
test_Adachi_00258.jpg,2 386 369 561 591
test_Adachi_00259.jpg,5 42 272 590 555
test_Adachi_00260.jpg,2 368 302 597 472 2 334 445 387 588
test_Adachi_00261.jpg,2 6 68 209 481 8 8 78 192 363
test_Adachi_00262.jpg,7 43 391 567 571
test_Adachi_00263.jpg,2 391 351 571 581
test_Adachi_00264.jpg,1 300 369 482 522
test_Adachi_00265.jpg,1 179 252 462 516
test_Adachi_00266.jpg,1 39 299 210 508 2 383 172 468 273 8 0 232 112 403
test_Adachi_00267.jpg,2 387 285 476 543
test_Adachi_00268.jpg,1 250 323 350 422
test_Adachi_00269.jpg,7 0 386 586 597
test_Adachi_00270.jpg,2 182 344 253 589
test_Adachi_00271.jpg,7 7 344 595 581
test_Adachi_00272.jpg,2 377 242 557 582 8 1 175 258 581 8 265 172 347 216
test_Adachi_00273.jpg,2 148 250 262 574
test_Adachi_00274.jpg,1 172 277 442 586
test_Adachi_00275.jpg,2 426 301 593 566
test_Adachi_00276.jpg,2 428 299 595 519
test_Adachi_00277.jpg,2 8 344 110 470
test_Adachi_00278.jpg,8 384 314 587 498 1 398 373 546 543
test_Adachi_00279.jpg,1 336 333 538 591 2 3 336 171 483
test_Adachi_00280.jpg,0 -1 -1 -1 -1
test_Adachi_00281.jpg,2 4 293 210 587 8 418 295 596 445
test_Adachi_00282.jpg,1 350 213 492 490 2 61 202 273 470 1 58 203 274 496
test_Adachi_00283.jpg,1 393 321 588 476
test_Adachi_00284.jpg,2 254 388 355 587
test_Adachi_00285.jpg,2 368 202 569 460 8 446 325 582 457
test_Adachi_00286.jpg,3 8 337 535 553
test_Adachi_00287.jpg,2 431 337 595 562 2 347 211 418 301
test_Adachi_00288.jpg,2 362 220 551 586
test_Adachi_00289.jpg,8 13 317 267 587 2 291 357 355 594
test_Adachi_00290.jpg,2 321 322 482 592 8 364 340 463 447
test_Adachi_00291.jpg,8 402 370 590 575 2 402 372 594 579 8 2 315 187 463 1 430 406 592 583
test_Adachi_00292.jpg,2 261 271 343 586
test_Adachi_00293.jpg,2 291 201 352 366
test_Adachi_00294.jpg,2 370 256 529 583 7 246 182 485 252
test_Adachi_00295.jpg,2 356 297 580 585
test_Adachi_00296.jpg,2 355 308 594 558
test_Adachi_00297.jpg,2 3 135 158 407
test_Adachi_00298.jpg,2 239 110 280 210 2 364 323 474 594
test_Adachi_00299.jpg,2 7 352 197 585
test_Adachi_00300.jpg,1 252 505 337 594
test_Adachi_00301.jpg,2 436 374 554 595
test_Adachi_00302.jpg,0 -1 -1 -1 -1
test_Adachi_00303.jpg,8 294 228 567 416 2 4 309 194 590 8 244 271 586 521
test_Adachi_00304.jpg,1 534 471 598 547 2 536 472 598 545
test_Adachi_00305.jpg,8 43 178 136 572
test_Adachi_00306.jpg,2 256 285 433 577
test_Adachi_00307.jpg,8 340 295 596 536 5 6 409 266 543 8 401 381 587 552 5 400 392 584 586 1 12 402 261 544 1 403 385 586 550
test_Adachi_00308.jpg,2 441 409 539 592
test_Adachi_00309.jpg,3 19 295 478 410
test_Adachi_00310.jpg,2 313 124 433 587
test_Adachi_00311.jpg,2 388 342 463 526
test_Adachi_00312.jpg,1 277 121 345 192
test_Adachi_00313.jpg,0 -1 -1 -1 -1
test_Adachi_00314.jpg,2 379 356 549 586
test_Adachi_00315.jpg,7 131 175 596 290
test_Adachi_00316.jpg,1 164 380 232 578
test_Adachi_00317.jpg,2 1 337 154 486
test_Adachi_00318.jpg,7 123 138 595 273
test_Adachi_00319.jpg,2 369 190 491 353 2 486 344 597 481
test_Adachi_00320.jpg,2 335 214 459 527 1 144 269 213 477 8 290 142 421 508
test_Adachi_00321.jpg,2 306 345 451 585
test_Adachi_00322.jpg,8 381 213 565 533
test_Adachi_00323.jpg,0 -1 -1 -1 -1
test_Adachi_00324.jpg,2 176 379 282 582
test_Adachi_00325.jpg,7 48 273 412 372
test_Adachi_00326.jpg,2 353 155 597 432 8 9 84 218 409 8 3 162 169 479
test_Adachi_00327.jpg,8 3 406 274 571 8 423 360 597 524
test_Adachi_00328.jpg,1 378 223 586 558
test_Adachi_00329.jpg,2 385 367 585 590
test_Adachi_00330.jpg,6 101 231 591 581
test_Chiba_00001.jpg,7 246 467 587 553
test_Chiba_00002.jpg,0 -1 -1 -1 -1
test_Chiba_00003.jpg,8 141 466 328 584 2 396 452 550 561 1 289 474 351 576
test_Chiba_00004.jpg,0 -1 -1 -1 -1
test_Chiba_00005.jpg,8 189 469 311 583 8 431 460 599 556 1 302 481 363 558
test_Chiba_00006.jpg,8 418 439 597 582
test_Chiba_00007.jpg,8 359 423 491 568
test_Chiba_00008.jpg,2 435 430 554 577 1 272 474 367 568
test_Chiba_00009.jpg,8 18 460 80 581
test_Chiba_00010.jpg,8 305 446 471 594 1 122 470 226 578 8 22 465 188 586 8 100 468 221 581
test_Chiba_00011.jpg,2 393 454 591 572
test_Chiba_00012.jpg,2 114 506 173 590 1 114 506 173 590
test_Chiba_00013.jpg,5 409 475 536 578
test_Chiba_00014.jpg,8 17 511 353 595
test_Chiba_00015.jpg,7 61 490 574 600
test_Chiba_00016.jpg,1 329 475 410 568
test_Chiba_00017.jpg,2 303 475 353 581
test_Chiba_00018.jpg,2 162 480 334 590
test_Chiba_00019.jpg,7 3 466 573 593
test_Chiba_00020.jpg,7 245 508 580 591
test_Chiba_00021.jpg,5 296 459 390 578 6 294 461 389 578
test_Chiba_00022.jpg,1 469 482 590 571
test_Chiba_00023.jpg,1 244 504 298 594
test_Chiba_00024.jpg,0 -1 -1 -1 -1
test_Chiba_00025.jpg,2 255 451 380 554
test_Chiba_00026.jpg,8 187 489 294 588 8 456 478 595 565 2 276 492 333 575 1 273 489 334 575
test_Chiba_00027.jpg,1 70 476 152 569 1 293 499 356 594
test_Chiba_00028.jpg,1 385 483 440 565 8 438 475 595 562
test_Chiba_00029.jpg,8 34 466 171 594
test_Chiba_00030.jpg,2 443 469 595 568 8 222 466 348 589 1 326 487 375 583
test_Chiba_00031.jpg,2 70 463 183 589
test_Chiba_00032.jpg,1 402 458 563 584 8 403 450 596 581
test_Chiba_00033.jpg,8 311 408 492 569 8 0 430 175 587 2 236 411 279 547
test_Chiba_00034.jpg,2 290 398 392 524
test_Chiba_00035.jpg,2 386 452 567 578 1 252 485 323 585
test_Chiba_00036.jpg,8 12 427 185 587 8 328 409 504 571
test_Chiba_00037.jpg,7 195 493 462 581
test_Chiba_00038.jpg,8 308 449 483 594
test_Chiba_00039.jpg,5 131 472 588 589
test_Chiba_00040.jpg,8 300 464 380 591 2 300 464 381 591
test_Chiba_00041.jpg,1 160 538 244 598
test_Chiba_00042.jpg,8 366 398 557 561 1 224 418 259 453
test_Chiba_00043.jpg,8 224 471 335 587 1 425 472 579 584
test_Chiba_00044.jpg,8 325 456 435 592 2 175 460 262 590
test_Chiba_00045.jpg,8 197 467 314 585 8 434 477 596 562 5 290 472 353 586 1 289 471 353 586
test_Chiba_00046.jpg,8 302 398 485 566 8 2 399 213 586
test_Chiba_00047.jpg,2 483 476 585 546
test_Chiba_00048.jpg,8 224 470 333 583 8 441 468 596 558
test_Chiba_00049.jpg,8 334 400 518 574
test_Chiba_00050.jpg,2 401 453 589 559
test_Chiba_00051.jpg,1 425 497 499 579
test_Chiba_00052.jpg,0 -1 -1 -1 -1
test_Chiba_00053.jpg,2 264 481 419 575 2 544 483 593 557
test_Chiba_00054.jpg,8 285 452 504 591 8 71 438 204 595
test_Chiba_00055.jpg,2 397 455 589 572
test_Chiba_00056.jpg,1 444 496 593 572
test_Chiba_00057.jpg,8 430 453 600 560 2 196 496 288 583
test_Chiba_00058.jpg,1 300 440 384 537
test_Chiba_00059.jpg,1 405 509 459 584
test_Chiba_00060.jpg,8 421 459 595 567 8 211 465 329 589
test_Chiba_00061.jpg,1 103 538 159 595
test_Chiba_00062.jpg,0 -1 -1 -1 -1
test_Chiba_00063.jpg,1 388 494 459 579 2 181 501 264 579 8 431 465 600 573
test_Chiba_00064.jpg,8 349 414 568 581
test_Chiba_00065.jpg,1 223 487 284 593
test_Chiba_00066.jpg,0 -1 -1 -1 -1
test_Chiba_00067.jpg,2 18 443 109 523
test_Chiba_00068.jpg,1 37 557 85 592
test_Chiba_00069.jpg,0 -1 -1 -1 -1
test_Chiba_00070.jpg,2 350 471 379 529 2 455 494 536 578
test_Chiba_00071.jpg,8 305 445 469 588
test_Chiba_00072.jpg,2 186 506 312 588
test_Chiba_00073.jpg,5 313 460 384 582 5 352 468 579 576 1 313 459 384 582
test_Chiba_00074.jpg,2 273 449 338 492
test_Chiba_00075.jpg,1 183 522 246 591
test_Chiba_00076.jpg,2 90 512 208 595
test_Chiba_00077.jpg,2 366 459 540 580
test_Chiba_00078.jpg,8 499 545 555 587 2 444 492 553 579
test_Chiba_00079.jpg,1 310 500 358 574
test_Chiba_00080.jpg,1 414 478 504 578
test_Chiba_00081.jpg,2 310 497 409 593
test_Chiba_00082.jpg,2 252 471 283 571
test_Chiba_00083.jpg,8 474 496 597 577 8 205 482 311 585
test_Chiba_00084.jpg,2 395 464 590 583
test_Chiba_00085.jpg,8 429 502 515 583
test_Chiba_00086.jpg,7 247 483 590 565
test_Chiba_00087.jpg,1 345 498 442 577 2 478 467 595 559
test_Chiba_00088.jpg,1 301 479 373 574 8 446 464 596 560
test_Chiba_00089.jpg,8 294 467 462 587
test_Chiba_00090.jpg,7 91 498 582 600
test_Chiba_00091.jpg,0 -1 -1 -1 -1
test_Chiba_00092.jpg,8 435 467 597 566 8 193 459 318 576 8 263 464 307 506
test_Chiba_00093.jpg,1 299 465 369 582
test_Chiba_00094.jpg,8 2 400 226 555
test_Ichihara_00001.jpg,2 2 403 255 582 2 433 409 576 508
test_Ichihara_00002.jpg,8 23 439 196 599
test_Ichihara_00003.jpg,1 334 409 470 594
test_Ichihara_00004.jpg,1 292 460 380 591
test_Ichihara_00005.jpg,2 460 429 596 547
test_Ichihara_00006.jpg,5 74 402 457 597
test_Ichihara_00007.jpg,8 397 395 595 570 8 48 404 274 590 1 121 422 294 591
test_Ichihara_00008.jpg,1 197 440 314 591 8 471 445 597 547 2 432 406 481 449
test_Ichihara_00009.jpg,1 250 430 341 594 5 244 424 588 595
test_Ichihara_00010.jpg,8 282 428 335 592
test_Ichihara_00011.jpg,1 249 529 441 594 3 249 534 435 593
test_Ichihara_00012.jpg,5 209 419 600 588
test_Ichihara_00013.jpg,1 171 480 265 590
test_Ichihara_00014.jpg,2 331 390 594 557
test_Ichihara_00015.jpg,6 59 384 534 574 8 476 384 593 570
test_Ichihara_00016.jpg,1 462 447 600 591
test_Ichihara_00017.jpg,7 17 410 575 537
test_Ichihara_00018.jpg,1 224 498 304 592 8 432 408 594 540
test_Ichihara_00019.jpg,1 248 489 344 590
test_Ichihara_00020.jpg,7 10 428 571 589
test_Ichihara_00021.jpg,8 403 403 597 562 8 57 395 286 595 1 174 410 298 597
test_Ichihara_00022.jpg,6 203 386 536 595 5 199 388 533 595
test_Ichihara_00023.jpg,8 397 400 597 589
test_Ichihara_00024.jpg,1 166 468 277 594 1 268 379 335 432
test_Ichihara_00025.jpg,8 205 460 460 599 8 386 386 596 584
test_Ichihara_00026.jpg,8 436 481 537 593 8 10 414 265 567 2 400 395 443 490
test_Ichihara_00027.jpg,8 3 382 278 592 1 143 394 281 588
test_Ichihara_00028.jpg,7 5 446 594 600
test_Ichihara_00029.jpg,1 391 404 552 591
test_Ichihara_00030.jpg,5 68 395 304 596
test_Ichihara_00031.jpg,2 459 427 598 539
test_Ichihara_00032.jpg,7 21 464 600 600
test_Ichihara_00033.jpg,8 4 475 168 591 8 455 428 598 555 1 215 476 294 557
test_Ichihara_00034.jpg,5 88 439 336 594
test_Ichihara_00035.jpg,1 389 464 476 592
test_Ichihara_00036.jpg,7 13 428 587 591
test_Ichihara_00037.jpg,8 398 376 597 586 8 1 426 220 591
test_Ichihara_00038.jpg,1 421 435 492 598
test_Ichihara_00039.jpg,7 193 443 600 600
test_Ichihara_00040.jpg,1 203 438 305 576 8 473 442 599 541 2 426 399 488 445
test_Ichihara_00041.jpg,8 384 380 596 582 1 180 418 295 578
test_Ichihara_00042.jpg,8 6 476 167 594 2 412 416 504 474 2 20 399 253 590 8 221 388 257 425
test_Ichihara_00043.jpg,5 185 392 567 596
test_Ichihara_00044.jpg,1 208 450 271 508
test_Ichihara_00045.jpg,7 1 443 597 599
test_Ichihara_00046.jpg,2 147 411 309 576
test_Ichihara_00047.jpg,2 431 404 597 511
test_Ichihara_00048.jpg,2 431 442 566 594
test_Ichihara_00049.jpg,8 1 473 121 566 8 477 468 597 574 2 396 402 480 472
test_Ichihara_00050.jpg,7 49 417 600 556
test_Ichihara_00051.jpg,8 47 369 296 582 5 132 388 600 596
test_Muroran_00001.jpg,8 60 399 223 593
test_Muroran_00002.jpg,5 304 432 599 588 5 12 445 327 597 5 12 415 544 591
test_Muroran_00003.jpg,5 119 374 461 593
test_Muroran_00004.jpg,5 11 392 244 597 2 280 394 338 591
test_Muroran_00005.jpg,2 89 339 236 584 5 213 411 591 595 2 236 339 302 576
test_Muroran_00006.jpg,8 421 380 565 527 8 31 328 278 592 6 90 332 589 594 8 33 338 523 593
test_Muroran_00007.jpg,5 14 371 544 597
test_Muroran_00008.jpg,5 16 345 508 597
test_Muroran_00009.jpg,5 376 446 600 592 5 132 437 600 596
test_Muroran_00010.jpg,2 142 368 270 591 2 296 371 355 596
test_Muroran_00011.jpg,1 350 369 423 451 2 350 369 423 451
test_Muroran_00012.jpg,5 382 394 592 592
test_Muroran_00013.jpg,1 2 448 104 579
test_Muroran_00014.jpg,5 282 338 591 597 2 301 353 426 598 2 128 356 240 557
test_Muroran_00015.jpg,5 151 403 494 598
test_Muroran_00016.jpg,1 479 420 567 598
test_Muroran_00017.jpg,5 94 346 595 598
test_Muroran_00018.jpg,6 234 414 367 591
test_Muroran_00019.jpg,5 13 336 589 593 5 1 418 185 599
test_Muroran_00020.jpg,2 368 374 497 484 2 419 385 487 462
test_Muroran_00021.jpg,5 274 418 471 598 5 246 395 590 590
test_Muroran_00022.jpg,8 317 383 382 539
test_Muroran_00023.jpg,5 34 330 600 597
test_Muroran_00024.jpg,1 493 520 595 594 1 109 427 232 543
test_Muroran_00025.jpg,8 310 463 386 592 2 12 343 216 593 8 281 375 385 600
test_Muroran_00026.jpg,2 312 310 496 600 2 137 304 267 596
test_Muroran_00027.jpg,6 386 516 460 554
test_Muroran_00028.jpg,5 26 335 597 600
test_Muroran_00029.jpg,2 341 373 429 523
test_Muroran_00030.jpg,5 16 351 287 568 2 393 356 518 595
test_Muroran_00031.jpg,5 48 368 585 596
test_Muroran_00032.jpg,5 88 358 598 595 8 381 380 598 547
test_Muroran_00033.jpg,8 412 449 496 595 1 271 434 355 595
test_Muroran_00034.jpg,1 5 371 244 597 5 2 368 469 592
test_Muroran_00035.jpg,1 87 406 222 572 8 384 408 559 592 8 418 383 600 553
test_Muroran_00036.jpg,2 36 392 214 594 8 442 408 597 594
test_Muroran_00037.jpg,5 246 341 593 597
test_Muroran_00038.jpg,5 11 388 455 597 8 389 473 485 595
test_Muroran_00039.jpg,5 493 432 596 598
test_Muroran_00040.jpg,5 3 384 346 588 5 4 376 145 590 2 45 346 155 573
test_Muroran_00041.jpg,5 221 364 600 596 6 21 383 97 428
test_Muroran_00042.jpg,2 408 361 586 590
test_Muroran_00043.jpg,5 23 341 511 594
test_Muroran_00044.jpg,5 13 363 573 598
test_Muroran_00045.jpg,5 9 389 505 597
test_Muroran_00046.jpg,5 108 384 511 595
test_Muroran_00047.jpg,2 179 357 249 595 8 0 358 196 557
test_Muroran_00048.jpg,5 15 426 540 594
test_Muroran_00049.jpg,5 28 357 274 593 1 27 348 178 591
test_Muroran_00050.jpg,5 225 364 600 596
test_Muroran_00051.jpg,5 1 374 144 485 1 30 468 147 596 5 254 373 593 597
test_Muroran_00052.jpg,1 98 423 341 595 6 441 474 501 510
test_Muroran_00053.jpg,5 155 417 493 595
test_Muroran_00054.jpg,5 267 284 444 411 5 242 524 447 597 5 175 335 488 589
test_Muroran_00055.jpg,5 460 396 597 499
test_Muroran_00056.jpg,5 84 364 285 595
test_Muroran_00057.jpg,6 187 368 547 595 5 186 367 543 594
test_Muroran_00058.jpg,2 161 510 247 590 1 369 550 481 595
test_Muroran_00059.jpg,2 310 385 370 492 7 4 462 600 600
test_Muroran_00060.jpg,1 122 459 204 595
test_Muroran_00061.jpg,1 422 341 598 503 2 289 331 354 594
test_Muroran_00062.jpg,5 388 325 596 596 6 443 460 518 493
test_Muroran_00063.jpg,1 377 386 598 546 1 297 366 401 497
test_Muroran_00064.jpg,5 18 380 600 587
test_Muroran_00065.jpg,5 265 361 600 594
test_Muroran_00066.jpg,5 3 373 525 596
test_Muroran_00067.jpg,8 128 333 313 595 1 395 458 546 593
test_Muroran_00068.jpg,8 409 368 540 502 5 52 334 276 596
test_Muroran_00069.jpg,8 137 417 206 597 5 361 487 513 599
test_Muroran_00070.jpg,2 152 332 266 593 8 312 366 370 448
test_Muroran_00071.jpg,5 344 419 452 554 6 7 375 521 560 6 347 415 450 553
test_Muroran_00072.jpg,5 272 330 456 584 5 4 391 162 571
test_Muroran_00073.jpg,1 427 488 541 597
test_Muroran_00074.jpg,6 116 346 561 588
test_Muroran_00075.jpg,8 88 414 220 593
test_Muroran_00076.jpg,8 255 415 376 600
test_Muroran_00077.jpg,2 185 387 252 600
test_Muroran_00078.jpg,2 443 418 503 478
test_Muroran_00079.jpg,2 376 401 492 590 5 190 388 339 590
test_Muroran_00080.jpg,2 223 356 338 587 2 384 357 466 594
test_Muroran_00081.jpg,2 393 397 553 581
test_Muroran_00082.jpg,5 2 333 571 600
test_Muroran_00083.jpg,5 222 326 339 485
test_Muroran_00084.jpg,2 224 368 330 597
test_Muroran_00085.jpg,5 23 380 515 598
test_Muroran_00086.jpg,8 379 358 427 412
test_Muroran_00087.jpg,5 58 381 512 594 6 56 381 514 592
test_Muroran_00088.jpg,1 332 322 422 590
test_Muroran_00089.jpg,5 252 468 435 593 5 2 405 106 517
test_Muroran_00090.jpg,5 161 388 589 588
test_Muroran_00091.jpg,8 307 352 410 476 1 9 420 210 594 2 307 349 454 538
test_Muroran_00092.jpg,5 10 331 301 600
test_Muroran_00093.jpg,5 174 414 561 594 2 187 354 255 595
test_Muroran_00094.jpg,2 334 473 490 591 8 396 539 475 591 2 317 501 349 597
test_Muroran_00095.jpg,5 264 424 585 596
test_Muroran_00096.jpg,8 401 321 599 451 5 278 460 371 585
test_Muroran_00097.jpg,8 357 365 534 599
test_Muroran_00098.jpg,8 9 365 201 598 2 391 409 597 598
test_Muroran_00099.jpg,5 4 361 449 597
test_Muroran_00100.jpg,5 225 475 496 578
test_Muroran_00101.jpg,5 12 318 452 592
test_Muroran_00102.jpg,8 0 341 250 591 1 397 406 593 597 8 340 325 383 387
test_Muroran_00103.jpg,1 202 412 370 500 2 444 447 540 595
test_Muroran_00104.jpg,8 463 454 597 596 8 0 357 247 594 2 210 398 283 596
test_Muroran_00105.jpg,8 352 488 489 594 2 224 515 274 596 1 222 515 275 594 8 107 495 250 595
test_Muroran_00106.jpg,5 262 324 521 502 6 258 323 524 500
test_Muroran_00107.jpg,5 66 367 528 594 8 396 512 476 595
test_Muroran_00108.jpg,5 141 384 391 595
test_Muroran_00109.jpg,5 8 365 597 600
test_Muroran_00110.jpg,1 350 410 539 590 2 351 410 538 589
test_Muroran_00111.jpg,8 339 452 441 597 5 260 405 456 593
test_Muroran_00112.jpg,5 36 403 352 593
test_Muroran_00113.jpg,5 389 348 600 554 5 104 370 317 592 5 213 355 600 579
test_Muroran_00114.jpg,1 171 421 241 518 2 363 468 495 596
test_Muroran_00115.jpg,2 295 362 363 595
test_Muroran_00116.jpg,6 77 389 583 594
test_Muroran_00117.jpg,2 203 437 276 593 2 2 407 173 551
test_Muroran_00118.jpg,5 307 391 600 596 6 282 365 596 597
test_Muroran_00119.jpg,5 20 374 448 598
test_Muroran_00120.jpg,1 351 490 457 595
test_Muroran_00121.jpg,5 60 417 600 593 5 207 470 592 597
test_Muroran_00122.jpg,6 297 404 534 596
test_Muroran_00123.jpg,1 101 404 260 529 2 95 385 229 490
test_Muroran_00124.jpg,8 374 440 447 594
test_Muroran_00125.jpg,2 334 402 515 595
test_Muroran_00126.jpg,2 361 374 430 587
test_Muroran_00127.jpg,8 403 322 599 450 5 273 457 371 587
test_Muroran_00128.jpg,2 414 371 593 533 8 33 409 197 599
test_Muroran_00129.jpg,2 117 438 201 590 2 364 364 577 593
test_Muroran_00130.jpg,5 76 360 402 598
test_Muroran_00131.jpg,8 65 371 282 596 1 421 472 495 589 1 430 344 595 446 1 205 449 272 589
test_Muroran_00132.jpg,5 24 376 595 596
test_Muroran_00133.jpg,6 165 333 419 591
test_Muroran_00134.jpg,2 182 414 269 597 8 333 330 516 596 8 2 343 207 567 1 183 414 269 595
test_Muroran_00135.jpg,5 182 368 595 594 5 162 364 276 596
test_Muroran_00136.jpg,5 101 361 373 597 8 503 351 597 440
test_Muroran_00137.jpg,8 1 377 215 547 1 271 400 521 592
test_Muroran_00138.jpg,5 122 362 582 588
test_Muroran_00139.jpg,5 362 441 600 596 8 4 442 154 506
test_Muroran_00140.jpg,5 148 346 594 599
test_Muroran_00141.jpg,5 96 450 530 595
test_Muroran_00142.jpg,8 211 424 586 528
test_Muroran_00143.jpg,8 373 408 469 595 1 9 409 249 593 6 234 402 374 596 2 141 405 249 591
test_Muroran_00144.jpg,5 147 461 363 594
test_Muroran_00145.jpg,6 366 360 423 392 1 2 374 145 579 8 1 328 141 538
test_Muroran_00146.jpg,5 337 479 539 597
test_Muroran_00147.jpg,5 294 391 480 598
test_Muroran_00148.jpg,8 494 464 598 576 8 98 361 282 595 2 307 382 365 507
test_Muroran_00149.jpg,5 24 376 572 598
test_Muroran_00150.jpg,5 161 406 589 600
test_Muroran_00151.jpg,1 433 435 594 598 1 328 452 417 596 1 192 412 250 588
test_Muroran_00152.jpg,5 38 378 523 597
test_Muroran_00153.jpg,8 3 333 248 571 1 524 375 598 441 2 431 460 538 594 1 104 445 243 589 8 466 529 536 595 1 107 380 301 585
test_Muroran_00154.jpg,5 197 377 423 593
test_Muroran_00155.jpg,5 5 378 592 596 5 0 438 385 599 6 4 378 596 597
test_Muroran_00156.jpg,8 31 355 196 599 1 240 359 465 596 8 358 370 584 562
test_Muroran_00157.jpg,2 187 318 281 590
test_Muroran_00158.jpg,1 0 529 160 596 6 277 405 475 477
test_Muroran_00159.jpg,8 370 390 476 492 2 99 358 231 594
test_Muroran_00160.jpg,2 17 369 258 598
test_Muroran_00161.jpg,5 348 371 599 593
test_Muroran_00162.jpg,5 8 371 423 600 6 5 368 427 597
test_Muroran_00163.jpg,5 370 364 598 598
test_Muroran_00164.jpg,5 4 359 329 585
test_Muroran_00165.jpg,8 403 378 573 578 5 347 329 588 585 1 126 463 208 553
test_Muroran_00166.jpg,5 74 413 390 593 1 390 447 554 539
test_Muroran_00167.jpg,5 2 338 403 596
test_Muroran_00168.jpg,5 269 357 596 596
test_Muroran_00169.jpg,1 440 482 531 596 5 6 383 232 595
test_Muroran_00170.jpg,8 3 331 241 555 1 239 502 460 600 6 239 503 455 600
test_Muroran_00171.jpg,5 88 350 589 593
test_Muroran_00172.jpg,5 3 390 430 597
test_Muroran_00173.jpg,2 230 427 275 590
test_Muroran_00174.jpg,2 167 388 288 598
test_Muroran_00175.jpg,5 77 381 477 597
test_Muroran_00176.jpg,8 349 421 500 594 5 244 435 435 597
test_Muroran_00177.jpg,5 110 355 594 593
test_Muroran_00178.jpg,1 115 424 277 597 8 2 354 233 517
test_Muroran_00179.jpg,2 364 438 481 595
test_Muroran_00180.jpg,8 398 440 558 598 2 161 329 264 592 1 68 375 278 598 2 75 382 273 595
test_Muroran_00181.jpg,2 360 403 473 531
test_Muroran_00182.jpg,5 182 385 264 593
test_Muroran_00183.jpg,5 25 320 583 596
test_Muroran_00184.jpg,4 99 444 318 501
test_Muroran_00185.jpg,5 55 347 537 594
test_Muroran_00186.jpg,8 357 376 465 502 8 4 331 224 553 8 94 328 253 582 1 133 339 264 591 1 63 457 155 586
test_Muroran_00187.jpg,5 41 358 453 593
test_Muroran_00188.jpg,8 327 379 451 590
test_Muroran_00189.jpg,1 0 372 246 596 8 448 538 517 594
test_Muroran_00190.jpg,8 311 344 570 597 1 85 455 186 595
test_Muroran_00191.jpg,5 0 443 537 600
test_Muroran_00192.jpg,8 312 338 600 593 8 0 368 177 559 1 193 359 265 441 1 275 377 325 516
test_Muroran_00193.jpg,1 437 494 530 595
test_Muroran_00194.jpg,1 199 378 276 582 2 281 361 595 536
test_Muroran_00195.jpg,1 292 339 400 598 1 206 389 276 591 5 8 368 288 597
test_Muroran_00196.jpg,5 110 338 514 596
test_Muroran_00197.jpg,2 424 350 598 515 8 62 366 252 599
test_Muroran_00198.jpg,5 2 363 379 589
test_Muroran_00199.jpg,8 387 388 557 586
test_Muroran_00200.jpg,5 123 371 542 594 8 223 398 275 589
test_Muroran_00201.jpg,8 476 511 574 595 1 326 383 489 588 1 57 349 217 587 8 6 332 205 571 2 345 359 539 589
test_Muroran_00202.jpg,5 234 383 406 486
test_Muroran_00203.jpg,5 236 358 385 499 6 422 405 488 443
test_Muroran_00204.jpg,5 89 366 388 597
test_Muroran_00205.jpg,5 217 392 596 596
test_Muroran_00206.jpg,5 19 386 510 594 8 79 520 150 593 1 346 501 521 593
test_Muroran_00207.jpg,5 16 368 362 596
test_Muroran_00208.jpg,8 276 322 504 597 3 121 377 284 465
test_Muroran_00209.jpg,5 49 366 600 597
test_Muroran_00210.jpg,1 145 465 302 594
test_Muroran_00211.jpg,5 461 446 597 596 2 195 454 376 591 1 196 454 377 592
test_Muroran_00212.jpg,5 174 344 405 595
test_Muroran_00213.jpg,5 19 372 502 598 2 361 382 502 590
test_Muroran_00214.jpg,8 3 355 316 597 1 265 376 387 586 2 502 315 593 446
test_Muroran_00215.jpg,5 201 394 566 598
test_Muroran_00216.jpg,5 13 359 503 594
test_Muroran_00217.jpg,1 132 395 283 582
test_Muroran_00218.jpg,2 7 338 180 582 8 384 333 598 512
test_Muroran_00219.jpg,2 275 363 360 594 2 357 364 591 547
test_Muroran_00220.jpg,5 191 366 589 595
test_Muroran_00221.jpg,5 119 321 580 596
test_Muroran_00222.jpg,7 215 354 582 450 8 120 491 205 596
test_Muroran_00223.jpg,5 266 323 597 585 5 372 289 598 513
test_Muroran_00224.jpg,8 321 400 406 580 5 11 381 217 592
test_Muroran_00225.jpg,8 1 372 284 587 1 207 422 318 587
test_Muroran_00226.jpg,7 175 497 386 554
test_Muroran_00227.jpg,2 334 272 582 595
test_Muroran_00228.jpg,5 217 424 388 593 2 188 395 373 598 6 369 443 538 514
test_Muroran_00229.jpg,5 293 347 505 593
test_Muroran_00230.jpg,1 333 466 401 568
test_Muroran_00231.jpg,5 221 500 408 598 1 13 408 191 592 5 206 279 578 595
test_Muroran_00232.jpg,5 105 350 519 591
test_Muroran_00233.jpg,2 162 344 226 591
test_Muroran_00234.jpg,5 177 371 509 595
test_Muroran_00235.jpg,2 308 381 465 584
test_Muroran_00236.jpg,5 76 384 376 596 2 286 341 385 586
test_Muroran_00237.jpg,1 185 381 314 586 8 364 401 512 589 8 0 370 173 532
test_Muroran_00238.jpg,5 81 447 333 596 5 125 305 234 426
test_Muroran_00239.jpg,5 22 415 564 597
test_Muroran_00240.jpg,8 415 370 600 543 8 76 365 265 590 1 162 410 284 593 1 244 367 428 449 8 152 400 280 594
test_Muroran_00241.jpg,7 0 418 582 595 2 117 281 245 589 8 65 404 224 595
test_Muroran_00242.jpg,5 186 413 600 595
test_Muroran_00243.jpg,8 0 293 213 594 2 397 386 519 523
test_Muroran_00244.jpg,8 487 456 600 550 8 88 340 247 593
test_Muroran_00245.jpg,2 241 363 309 586 3 93 503 320 561
test_Muroran_00246.jpg,1 299 327 413 598 2 440 345 551 423
test_Muroran_00247.jpg,8 73 378 201 594 8 317 358 401 411
test_Muroran_00248.jpg,5 214 379 600 594
test_Muroran_00249.jpg,5 13 376 196 501
test_Muroran_00250.jpg,2 386 372 514 565 8 276 471 333 596 5 160 379 282 571 2 160 379 281 567
test_Muroran_00251.jpg,8 3 323 242 568
test_Muroran_00252.jpg,2 292 314 378 591
test_Muroran_00253.jpg,5 177 392 596 596
test_Muroran_00254.jpg,8 334 393 440 529 1 1 500 65 577 1 105 376 182 452
test_Muroran_00255.jpg,5 10 337 593 598
test_Muroran_00256.jpg,5 10 403 190 595 5 233 369 417 555 5 59 379 404 575
test_Muroran_00257.jpg,5 55 369 591 598
test_Muroran_00258.jpg,1 235 343 345 595 1 9 341 191 593 8 359 415 519 593
test_Muroran_00259.jpg,8 375 346 422 400
test_Muroran_00260.jpg,6 3 382 487 594 1 406 482 505 591
test_Muroran_00261.jpg,1 82 416 220 594
test_Muroran_00262.jpg,5 137 330 564 595
test_Muroran_00263.jpg,5 112 273 289 373 1 287 402 469 593 5 1 387 81 595 5 289 402 469 594
test_Muroran_00264.jpg,2 115 304 240 596
test_Muroran_00265.jpg,8 435 362 539 453 5 195 347 415 589
test_Muroran_00266.jpg,5 82 359 507 597 8 299 432 344 595
test_Muroran_00267.jpg,5 299 315 589 600
test_Muroran_00268.jpg,1 386 368 503 490
test_Muroran_00269.jpg,5 66 364 587 595
test_Muroran_00270.jpg,8 316 327 477 547
test_Muroran_00271.jpg,2 296 352 422 597 5 279 340 591 587
test_Muroran_00272.jpg,8 346 361 524 564
test_Muroran_00273.jpg,2 30 332 186 598
test_Muroran_00274.jpg,8 301 356 397 422
test_Muroran_00275.jpg,8 30 292 184 597 1 423 421 549 509 8 430 450 598 600 1 424 436 595 583
test_Muroran_00276.jpg,5 227 395 451 579 8 493 488 596 580
test_Muroran_00277.jpg,8 439 491 550 596 5 200 365 593 597
test_Muroran_00278.jpg,8 222 410 300 594
test_Muroran_00279.jpg,2 43 374 196 594 8 282 356 419 600 8 323 436 423 594
test_Muroran_00280.jpg,8 417 506 515 597 5 231 396 570 590 8 318 359 362 409
test_Muroran_00281.jpg,5 269 339 592 594 8 422 355 536 433 8 212 324 281 590
test_Muroran_00282.jpg,6 301 321 453 364 2 295 349 366 590 5 286 380 545 566
test_Muroran_00283.jpg,5 248 408 520 594 1 5 478 155 592
test_Muroran_00284.jpg,5 7 353 582 593
test_Muroran_00285.jpg,5 144 330 315 598 2 348 357 528 590
test_Muroran_00286.jpg,5 48 378 496 595
test_Muroran_00287.jpg,1 209 434 346 597
test_Muroran_00288.jpg,5 98 339 541 588
test_Muroran_00289.jpg,5 267 366 593 597 8 429 459 522 596 2 121 346 333 591
test_Muroran_00290.jpg,8 27 349 218 594 2 466 437 599 559
test_Muroran_00291.jpg,8 93 370 230 594 8 415 385 587 516
test_Muroran_00292.jpg,5 29 361 559 597
test_Muroran_00293.jpg,2 341 366 554 584
test_Muroran_00294.jpg,6 134 400 346 588
test_Muroran_00295.jpg,5 85 458 419 594 8 83 458 419 591 6 81 457 419 592
test_Muroran_00296.jpg,2 172 401 267 551
test_Muroran_00297.jpg,2 360 342 596 556 5 106 399 304 569
test_Muroran_00298.jpg,2 389 398 582 597
test_Muroran_00299.jpg,5 276 362 537 595
test_Muroran_00300.jpg,3 355 525 524 587
test_Muroran_00301.jpg,1 426 385 524 508
test_Muroran_00302.jpg,8 387 517 443 561 1 349 530 416 596
test_Muroran_00303.jpg,5 97 327 255 534
test_Muroran_00304.jpg,5 34 377 540 595 1 57 468 180 587
test_Muroran_00305.jpg,8 433 455 570 592
test_Muroran_00306.jpg,2 279 348 345 584
test_Muroran_00307.jpg,5 144 395 548 596
test_Muroran_00308.jpg,0 -1 -1 -1 -1
test_Muroran_00309.jpg,5 277 417 600 592
test_Muroran_00310.jpg,8 73 355 222 507 8 398 354 489 434 2 388 349 576 525
test_Muroran_00311.jpg,4 128 352 291 427
test_Muroran_00312.jpg,2 359 417 598 591 8 205 346 365 433
test_Muroran_00313.jpg,2 441 333 595 462
test_Muroran_00314.jpg,5 20 377 593 595 8 335 396 434 508
test_Muroran_00315.jpg,5 82 350 595 598
test_Muroran_00316.jpg,5 82 353 287 594
test_Muroran_00317.jpg,1 124 344 296 600 6 350 392 581 599
test_Muroran_00318.jpg,5 3 441 230 600 2 298 386 352 597
test_Muroran_00319.jpg,2 231 296 395 599 2 307 286 400 442
test_Muroran_00320.jpg,5 247 374 552 596
test_Muroran_00321.jpg,5 113 366 600 595 8 398 499 483 597
test_Muroran_00322.jpg,2 193 354 308 562 5 190 504 350 592
test_Muroran_00323.jpg,5 38 375 599 597 8 355 352 409 401 8 0 346 203 554 8 510 504 596 590
test_Muroran_00324.jpg,2 296 477 358 592 2 314 484 470 586
test_Muroran_00325.jpg,1 233 388 290 573 2 14 345 192 594 1 13 350 191 594
test_Muroran_00326.jpg,5 96 339 260 593
test_Muroran_00327.jpg,8 455 494 550 598
test_Muroran_00328.jpg,1 166 435 280 597 1 298 394 363 593
test_Muroran_00329.jpg,8 432 442 593 594
test_Muroran_00330.jpg,6 316 469 522 586 6 62 365 547 595
test_Muroran_00331.jpg,7 144 366 600 512
test_Muroran_00332.jpg,5 402 359 599 595
test_Muroran_00333.jpg,0 -1 -1 -1 -1
test_Muroran_00334.jpg,2 256 330 500 594
test_Muroran_00335.jpg,5 348 391 597 596 1 9 355 217 594
test_Muroran_00336.jpg,8 489 434 599 593
test_Muroran_00337.jpg,5 486 414 597 562
test_Muroran_00338.jpg,8 163 491 224 597 5 79 348 332 600 5 419 524 587 594
test_Muroran_00339.jpg,5 149 372 584 596 1 134 487 286 594
test_Muroran_00340.jpg,5 48 400 536 566 3 414 381 591 438
test_Muroran_00341.jpg,8 365 441 435 593 8 347 340 430 598 8 0 365 201 509
test_Muroran_00342.jpg,5 0 370 387 596
test_Muroran_00343.jpg,6 15 347 597 571
test_Muroran_00344.jpg,5 70 369 546 596
test_Muroran_00345.jpg,5 32 315 373 597 1 147 344 368 593 5 3 317 121 572
test_Muroran_00346.jpg,8 396 427 538 592 8 0 300 210 547
test_Muroran_00347.jpg,5 279 373 600 598
test_Muroran_00348.jpg,5 243 344 597 583
test_Muroran_00349.jpg,8 308 377 416 482 2 134 321 205 590
test_Muroran_00350.jpg,5 15 303 261 590
test_Muroran_00351.jpg,2 73 372 207 593
test_Muroran_00352.jpg,5 222 340 580 594 5 11 159 245 354
test_Muroran_00353.jpg,5 237 383 339 574
test_Muroran_00354.jpg,2 310 381 483 598
test_Muroran_00355.jpg,5 359 340 561 599 1 75 439 200 591 1 148 341 313 585
test_Muroran_00356.jpg,1 490 348 597 479 8 362 328 445 600 2 494 348 597 480 1 202 356 368 543
test_Muroran_00357.jpg,5 68 369 558 592 3 383 435 596 494 8 328 353 363 384
test_Muroran_00358.jpg,1 456 418 547 511
test_Muroran_00359.jpg,5 200 354 598 593
test_Muroran_00360.jpg,5 128 374 592 587
test_Muroran_00361.jpg,5 30 391 576 594 8 110 371 557 588
test_Muroran_00362.jpg,5 188 376 405 593
test_Muroran_00363.jpg,8 408 384 476 452 1 374 370 578 573 1 175 428 305 595 1 359 456 572 590 8 0 387 207 530
test_Muroran_00364.jpg,8 145 386 269 596 8 379 352 595 520
test_Muroran_00365.jpg,8 1 344 239 573 1 453 407 595 548 8 404 421 536 593 1 419 420 559 579 8 352 322 379 357
test_Muroran_00366.jpg,5 244 366 392 598
test_Muroran_00367.jpg,5 347 305 600 595
test_Muroran_00368.jpg,8 510 440 597 524 5 8 403 454 590
test_Muroran_00369.jpg,7 17 425 578 599
test_Muroran_00370.jpg,8 416 488 497 598 1 4 372 199 596 1 15 387 420 597
test_Muroran_00371.jpg,2 294 388 434 593 2 124 395 202 594
test_Muroran_00372.jpg,1 387 389 593 596
test_Muroran_00373.jpg,8 127 318 283 486 8 73 335 264 571
test_Muroran_00374.jpg,2 369 395 507 551
test_Muroran_00375.jpg,1 199 370 270 591 2 270 347 354 586 1 205 455 259 594
test_Muroran_00376.jpg,5 98 350 378 509
test_Muroran_00377.jpg,5 170 355 590 596
test_Muroran_00378.jpg,5 183 356 598 597 1 135 425 224 594
test_Muroran_00379.jpg,5 148 417 308 594
test_Muroran_00380.jpg,8 386 409 576 596 1 118 469 243 592 5 119 472 243 592
test_Muroran_00381.jpg,8 261 329 362 389 2 125 337 192 548
test_Muroran_00382.jpg,2 279 280 341 430
test_Muroran_00383.jpg,5 33 417 254 595
test_Muroran_00384.jpg,2 356 333 572 600 6 436 490 559 593
test_Muroran_00385.jpg,5 106 392 600 594
test_Muroran_00386.jpg,2 174 336 286 593 8 409 419 552 596
test_Muroran_00387.jpg,2 32 350 176 597
test_Muroran_00388.jpg,5 313 445 575 592 5 25 371 287 585
test_Muroran_00389.jpg,1 370 308 594 550
test_Muroran_00390.jpg,2 363 373 484 590
test_Muroran_00391.jpg,2 324 326 430 599 2 78 405 211 596
test_Muroran_00392.jpg,5 0 387 597 599
test_Muroran_00393.jpg,5 36 414 465 596
test_Muroran_00394.jpg,5 71 385 587 598
test_Muroran_00395.jpg,8 384 370 488 446 2 351 487 416 594 2 279 312 345 449
test_Muroran_00396.jpg,5 96 357 540 594
test_Muroran_00397.jpg,1 199 456 411 590
test_Muroran_00398.jpg,5 353 420 583 599
test_Muroran_00399.jpg,5 77 327 307 600
test_Muroran_00400.jpg,6 36 462 207 573 6 22 397 259 585
test_Muroran_00401.jpg,8 309 429 414 598
test_Muroran_00402.jpg,5 67 339 585 576
test_Muroran_00403.jpg,5 262 377 493 597 5 3 514 128 597
test_Muroran_00404.jpg,8 437 418 599 598
test_Muroran_00405.jpg,2 273 324 421 593
test_Muroran_00406.jpg,7 2 367 590 533
test_Muroran_00407.jpg,5 255 390 569 596
test_Muroran_00408.jpg,5 183 363 560 595 8 436 379 595 543
test_Muroran_00409.jpg,5 17 381 597 598
test_Muroran_00410.jpg,5 359 383 535 593 2 67 356 222 596
test_Muroran_00411.jpg,5 1 355 451 595
test_Muroran_00412.jpg,5 20 364 572 596 8 107 531 157 593
test_Muroran_00413.jpg,7 78 294 278 413 2 410 381 520 593
test_Muroran_00414.jpg,5 57 353 494 599
test_Muroran_00415.jpg,5 307 428 600 596
test_Muroran_00416.jpg,3 90 395 278 478 3 269 415 490 507
test_Muroran_00417.jpg,8 192 382 339 540 2 375 332 593 592 8 339 321 399 444
test_Muroran_00418.jpg,5 29 373 459 586
test_Muroran_00419.jpg,5 8 341 589 599
test_Muroran_00420.jpg,8 369 396 591 600 1 313 352 394 457 8 7 387 194 598 2 223 319 270 448
test_Muroran_00421.jpg,3 281 463 468 511
test_Muroran_00422.jpg,1 60 353 178 573
test_Muroran_00423.jpg,5 185 361 481 597 8 182 369 478 595
test_Muroran_00424.jpg,5 37 417 599 597
test_Muroran_00425.jpg,8 280 375 342 597
test_Muroran_00426.jpg,5 167 410 595 594
test_Muroran_00427.jpg,2 244 481 291 573
test_Muroran_00428.jpg,5 192 339 542 598
test_Muroran_00429.jpg,5 73 371 395 598
test_Nagakute_00001.jpg,2 20 343 253 597 8 386 344 597 522
test_Nagakute_00002.jpg,2 264 359 403 598
test_Nagakute_00003.jpg,1 213 384 277 572
test_Nagakute_00004.jpg,5 110 440 253 597
test_Nagakute_00005.jpg,5 74 422 287 596
test_Nagakute_00006.jpg,5 5 393 288 598
test_Nagakute_00007.jpg,5 171 327 594 591 2 63 315 269 599
test_Nagakute_00008.jpg,5 57 456 242 596
test_Nagakute_00009.jpg,2 191 450 246 594 8 334 347 600 597 8 0 370 78 567
test_Nagakute_00010.jpg,2 263 359 329 595
test_Nagakute_00011.jpg,8 154 318 586 558 7 154 318 586 558
test_Nagakute_00012.jpg,2 122 388 278 591
test_Nagakute_00013.jpg,8 152 349 271 538 8 366 351 545 471
test_Nagakute_00014.jpg,5 321 403 545 596 5 40 387 533 598 8 40 442 227 591 8 43 382 542 598
test_Nagakute_00015.jpg,7 3 411 564 599
test_Nagakute_00016.jpg,5 142 358 588 598
test_Nagakute_00017.jpg,1 411 426 493 587
test_Nagakute_00018.jpg,1 2 368 140 476
test_Nagakute_00019.jpg,2 389 301 597 476
test_Nagakute_00020.jpg,5 93 327 453 593 8 1 250 200 401 5 1 357 129 588
test_Nagakute_00021.jpg,2 96 244 224 592
test_Nagakute_00022.jpg,1 112 353 216 471
test_Nagakute_00023.jpg,8 54 322 259 600
test_Nagakute_00024.jpg,5 3 429 297 597
test_Nagakute_00025.jpg,8 262 335 591 598 1 51 385 172 541
test_Nagakute_00026.jpg,1 149 417 254 560 8 0 345 129 435
test_Nagakute_00027.jpg,8 0 321 170 510 2 296 313 590 567
test_Nagakute_00028.jpg,2 121 445 195 588 6 230 382 515 598
test_Nagakute_00029.jpg,7 7 434 591 599 2 364 283 425 432
test_Nagakute_00030.jpg,2 259 355 352 591 1 363 456 571 594
test_Nagakute_00031.jpg,7 27 423 600 600
test_Nagakute_00032.jpg,2 133 357 232 590
test_Nagakute_00033.jpg,2 239 358 474 592
test_Nagakute_00034.jpg,8 42 325 236 597
test_Nagakute_00035.jpg,1 94 335 213 553
test_Nagakute_00036.jpg,7 113 433 397 512
test_Nagakute_00037.jpg,7 28 389 599 568
test_Nagakute_00038.jpg,8 28 413 183 595
test_Nagakute_00039.jpg,8 283 338 539 595 1 56 501 188 595 8 1 308 191 525 1 33 380 193 582
test_Nagakute_00040.jpg,1 243 441 333 597
test_Nagakute_00041.jpg,1 249 491 389 598
test_Nagakute_00042.jpg,8 308 319 579 535 1 192 408 266 534
test_Nagakute_00043.jpg,8 1 304 211 498 1 310 402 433 551 1 120 431 211 596
test_Nagakute_00044.jpg,8 265 363 404 463 1 348 460 428 551
test_Nagakute_00045.jpg,5 180 343 599 600
test_Nagakute_00046.jpg,2 233 327 311 591 8 286 327 583 593
test_Nagakute_00047.jpg,5 78 383 454 595
test_Nagakute_00048.jpg,8 252 371 403 599
test_Nagakute_00049.jpg,2 287 322 463 594 3 16 406 358 598
test_Nagakute_00050.jpg,8 256 393 373 591
test_Nagakute_00051.jpg,8 288 334 582 596 8 0 315 191 502 1 61 361 260 589 1 16 403 195 575
test_Nagakute_00052.jpg,2 40 367 172 588 1 373 471 532 594
test_Nagakute_00053.jpg,0 -1 -1 -1 -1
test_Nagakute_00054.jpg,1 79 368 248 522
test_Nagakute_00055.jpg,5 50 366 508 599
test_Nagakute_00056.jpg,2 15 247 246 555
test_Nagakute_00057.jpg,2 341 333 452 595 1 389 483 462 592
test_Nagakute_00058.jpg,1 277 427 365 584 8 0 326 167 454
test_Nagakute_00059.jpg,8 279 342 591 598 8 0 330 172 511
test_Nagakute_00060.jpg,8 107 478 469 587 8 0 467 347 590
test_Nagakute_00061.jpg,7 0 427 593 600
test_Nagakute_00062.jpg,2 201 344 439 598 8 194 348 438 595
test_Nagakute_00063.jpg,2 0 361 128 476 2 226 324 295 592 3 326 479 587 544
test_Nagakute_00064.jpg,1 297 491 401 597 8 317 412 542 597 1 65 524 211 598
test_Nagakute_00065.jpg,2 163 336 235 596
test_Nagakute_00066.jpg,2 268 347 330 591
test_Nagakute_00067.jpg,1 181 393 339 599
test_Nagakute_00068.jpg,7 44 364 598 543
test_Nagakute_00069.jpg,8 248 317 547 599
test_Nagakute_00070.jpg,8 49 370 202 598
test_Nagakute_00071.jpg,1 283 439 365 549 1 416 472 570 581
test_Nagakute_00072.jpg,1 218 430 269 591
test_Nagakute_00073.jpg,2 346 306 599 546 8 105 357 263 599
test_Nagakute_00074.jpg,8 456 371 598 475 5 108 347 285 595
test_Nagakute_00075.jpg,5 119 362 275 591 2 362 316 600 555
test_Nagakute_00076.jpg,2 252 312 417 590
test_Nagakute_00077.jpg,8 69 362 251 595 2 333 328 450 593
test_Nagakute_00078.jpg,8 0 269 195 504 1 291 333 430 451 8 296 250 600 545
test_Nagakute_00079.jpg,1 51 360 180 592
test_Nagakute_00080.jpg,5 189 383 344 598
test_Nagakute_00081.jpg,1 87 394 187 521
test_Nagakute_00082.jpg,2 122 333 289 594
test_Nagakute_00083.jpg,5 5 328 478 593
test_Nagakute_00084.jpg,8 105 312 258 599 2 103 309 260 597
test_Nagakute_00085.jpg,8 330 407 592 582 5 122 474 341 592
test_Nagakute_00086.jpg,8 130 387 262 593 8 6 365 146 586
test_Nagakute_00087.jpg,1 135 423 232 595 8 2 373 202 573
test_Nagakute_00088.jpg,8 325 338 519 600 8 1 319 274 563
test_Nagakute_00089.jpg,8 463 485 599 594 2 225 330 301 584 2 250 387 304 591
test_Nagakute_00090.jpg,7 134 371 576 592
test_Nagakute_00091.jpg,5 15 275 219 568
test_Nagakute_00092.jpg,5 58 369 596 593 8 292 450 589 590
test_Nagakute_00093.jpg,8 34 348 195 595 8 273 359 581 593 3 307 495 464 544
test_Nagakute_00094.jpg,7 0 461 410 597 8 3 458 145 593
test_Nagakute_00095.jpg,8 457 420 600 556 1 44 386 243 593
test_Nagakute_00096.jpg,1 325 376 476 554 3 21 490 348 593 8 0 371 67 449 2 8 272 153 391
test_Nagakute_00097.jpg,1 181 399 314 594 8 0 347 181 457
test_Nagakute_00098.jpg,8 289 324 599 575 1 353 450 484 561
test_Nagakute_00099.jpg,5 117 348 590 596
test_Nagakute_00100.jpg,1 155 348 211 408
test_Nagakute_00101.jpg,5 287 321 598 593
test_Nagakute_00102.jpg,8 11 344 262 597
test_Nagakute_00103.jpg,8 251 369 378 593 5 116 438 350 594
test_Nagakute_00104.jpg,8 297 322 599 585
test_Nagakute_00105.jpg,2 335 446 449 592
test_Nagakute_00106.jpg,7 92 364 360 437
test_Nagakute_00107.jpg,2 140 374 221 593 8 246 297 600 590
test_Nagakute_00108.jpg,2 184 416 284 590
test_Nagakute_00109.jpg,2 250 312 442 594 3 70 436 340 501
test_Nagakute_00110.jpg,8 6 263 237 579 2 340 244 594 488
test_Nagakute_00111.jpg,5 126 403 549 599
test_Nagakute_00112.jpg,1 36 374 186 580
test_Nagakute_00113.jpg,2 77 262 248 597
test_Nagakute_00114.jpg,2 34 363 161 586 8 297 340 566 595 2 227 346 306 584
test_Nagakute_00115.jpg,8 5 480 221 599
test_Nagakute_00116.jpg,1 290 378 511 596
test_Nagakute_00117.jpg,2 239 370 468 597
test_Nagakute_00118.jpg,8 328 360 571 599
test_Nagakute_00119.jpg,5 298 391 448 571
test_Nagakute_00120.jpg,5 2 358 208 596
test_Nagakute_00121.jpg,8 0 387 138 584 8 289 403 517 594 1 216 411 285 587 1 81 427 188 591 1 36 404 164 592
test_Nagakute_00122.jpg,2 234 310 347 514 3 134 374 313 437
test_Nagakute_00123.jpg,5 31 363 496 595
test_Nagakute_00124.jpg,8 1 437 104 556 8 303 318 558 552 1 391 430 570 589 5 66 397 250 592
test_Nagakute_00125.jpg,3 6 394 600 557
test_Nagakute_00126.jpg,2 234 342 591 590
test_Nagakute_00127.jpg,1 287 521 378 596
test_Nagakute_00128.jpg,5 0 310 593 597
test_Nagakute_00129.jpg,2 231 340 462 597 5 232 367 556 600 5 326 432 568 599
test_Nagakute_00130.jpg,1 177 425 251 594
test_Nagakute_00131.jpg,1 286 357 401 588 8 2 311 209 491 1 93 360 197 451
test_Nagakute_00132.jpg,8 2 364 189 594
test_Nagakute_00133.jpg,5 0 465 600 599
test_Nagakute_00134.jpg,2 235 312 393 595 3 13 435 315 583 5 12 406 351 589
test_Nagakute_00135.jpg,8 34 374 214 597 8 345 365 600 581
test_Nagakute_00136.jpg,8 46 338 258 598
test_Nagakute_00137.jpg,1 12 419 294 581
test_Nagakute_00138.jpg,8 334 307 592 599
test_Nagakute_00139.jpg,1 35 385 154 594 5 246 362 522 595
test_Nagakute_00140.jpg,2 233 392 400 597
test_Nagakute_00141.jpg,3 127 370 314 429 8 0 361 154 594
test_Nagakute_00142.jpg,2 198 275 301 582 8 20 247 333 568 8 49 308 588 557 8 389 276 594 505 8 351 307 532 519
test_Nagakute_00143.jpg,8 280 252 598 583 5 291 286 593 592
test_Nagakute_00144.jpg,2 16 379 240 553
test_Nagakute_00145.jpg,8 58 347 198 595
test_Nagakute_00146.jpg,8 108 400 598 594 5 108 400 598 594 8 106 510 314 598
test_Nagakute_00147.jpg,1 78 355 200 593
test_Nagakute_00148.jpg,8 417 407 589 597
test_Nagakute_00149.jpg,2 357 403 531 503
test_Nagakute_00150.jpg,2 206 328 248 478 4 31 452 442 564
test_Nagakute_00151.jpg,8 265 339 594 596
test_Nagakute_00152.jpg,1 139 486 223 597 1 490 436 595 534 8 1 402 113 517
test_Nagakute_00153.jpg,7 1 441 600 600
test_Nagakute_00154.jpg,8 89 374 206 600
test_Nagakute_00155.jpg,5 328 424 549 596 8 330 417 555 596
test_Nagakute_00156.jpg,1 375 418 496 581 5 32 386 258 595 8 0 342 224 572 8 389 375 592 567
test_Nagakute_00157.jpg,7 326 420 558 592
test_Nagakute_00158.jpg,8 303 309 595 581 8 0 372 92 476 2 297 339 562 595
test_Nagakute_00159.jpg,2 104 281 241 594 2 175 242 242 499
test_Nagakute_00160.jpg,8 54 331 224 600
test_Nagakute_00161.jpg,2 293 328 564 591
test_Nagakute_00162.jpg,8 327 370 600 600 8 0 359 161 535 1 92 422 265 595
test_Nagakute_00163.jpg,1 62 253 167 396
test_Nagakute_00164.jpg,2 229 243 338 593 5 354 342 582 579
test_Nagakute_00165.jpg,2 1 416 162 595 1 389 439 475 536
test_Nagakute_00166.jpg,2 197 352 261 595
test_Nagakute_00167.jpg,8 4 254 267 486 8 348 270 598 576 1 346 435 452 574 2 263 262 362 598
test_Nagakute_00168.jpg,1 67 519 148 594 8 2 316 178 467
test_Nagakute_00169.jpg,3 0 429 381 553 2 223 312 371 598
test_Nagakute_00170.jpg,8 13 347 569 598
test_Nagakute_00171.jpg,1 82 357 205 497
test_Nagakute_00172.jpg,2 241 291 321 584
test_Nagakute_00173.jpg,5 4 374 582 590
test_Nagakute_00174.jpg,7 76 482 598 600
test_Nagakute_00175.jpg,5 249 355 461 562
test_Nagakute_00176.jpg,2 395 450 498 594 8 25 338 463 574
test_Nagakute_00177.jpg,5 97 349 510 598
test_Nagakute_00178.jpg,8 27 355 208 596 2 224 357 298 594
test_Nagakute_00179.jpg,7 306 395 600 597 8 308 395 600 597
test_Nagakute_00180.jpg,2 70 352 209 591
test_Nagakute_00181.jpg,5 84 338 492 596
test_Nagakute_00182.jpg,8 281 308 546 599
test_Nagakute_00183.jpg,1 189 394 299 598 8 184 358 292 436 8 2 347 121 489 5 1 347 123 492
test_Nagakute_00184.jpg,8 74 325 174 587 1 148 445 204 590
test_Nagakute_00185.jpg,5 263 335 403 579
test_Nagakute_00186.jpg,1 223 466 284 593 2 305 398 518 596
test_Nagakute_00187.jpg,2 159 308 258 597 5 299 448 428 596
test_Nagakute_00188.jpg,8 258 352 494 598 6 94 382 138 407
test_Nagakute_00189.jpg,8 0 354 159 511 2 0 354 159 511
test_Nagakute_00190.jpg,1 10 345 207 598 2 324 329 576 589
test_Nagakute_00191.jpg,8 11 389 383 595
test_Nagakute_00192.jpg,8 338 341 600 578
test_Nagakute_00193.jpg,2 317 310 535 589 8 7 324 249 600
test_Nagakute_00194.jpg,2 185 319 293 591
test_Nagakute_00195.jpg,8 102 376 523 591
test_Nagakute_00196.jpg,8 5 315 181 444 1 220 353 322 501
test_Nagakute_00197.jpg,4 7 479 198 524
test_Nagakute_00198.jpg,1 247 407 305 593
test_Nagakute_00199.jpg,2 344 324 597 591
test_Nagakute_00200.jpg,2 310 402 572 595
test_Nagakute_00201.jpg,5 203 420 360 594 8 27 394 191 598 8 288 388 544 595
test_Nagakute_00202.jpg,8 267 363 597 597
test_Nagakute_00203.jpg,5 2 415 170 595 8 281 319 598 597
test_Nagakute_00204.jpg,7 7 469 600 600
test_Nagakute_00205.jpg,2 295 382 418 597
test_Nagakute_00206.jpg,8 2 316 197 514
test_Nagakute_00207.jpg,2 259 236 498 595 2 4 274 206 586 3 359 407 570 471 2 302 260 580 521
test_Nagakute_00208.jpg,1 45 372 175 584 8 297 489 396 596
test_Nagakute_00209.jpg,5 171 483 409 595
test_Nagakute_00210.jpg,8 54 406 341 507 2 324 380 406 453
test_Nagakute_00211.jpg,7 88 434 595 584
test_Nagakute_00212.jpg,6 212 377 600 577
test_Nagakute_00213.jpg,2 286 355 595 588 8 0 387 148 531
test_Nagakute_00214.jpg,2 24 289 177 598 3 52 426 259 488
test_Nagakute_00215.jpg,1 35 383 150 578 1 336 354 443 428 8 0 334 112 464 1 327 444 462 529
test_Nagakute_00216.jpg,5 273 481 484 598 5 84 480 520 596 6 5 486 136 590
test_Nagakute_00217.jpg,1 151 385 280 598
test_Nagakute_00218.jpg,2 174 305 307 598 8 175 306 306 596
test_Nagakute_00219.jpg,8 255 326 600 600 1 93 489 170 591
test_Nagakute_00220.jpg,2 251 306 449 597 8 0 336 174 579 3 173 468 353 528 2 4 339 177 569
test_Nagakute_00221.jpg,1 417 469 593 594
test_Nagakute_00222.jpg,8 5 401 119 578
test_Nagakute_00223.jpg,8 88 359 581 595
test_Nagakute_00224.jpg,2 257 442 322 594 2 74 341 176 439
test_Nagakute_00225.jpg,7 85 329 598 463
test_Nagakute_00226.jpg,8 288 346 516 594 1 89 351 175 476 8 0 312 152 443
test_Nagakute_00227.jpg,5 163 342 328 520
test_Nagakute_00228.jpg,5 8 339 356 597
test_Nagakute_00229.jpg,5 337 400 549 595 1 114 423 208 562 2 255 326 324 589
test_Nagakute_00230.jpg,2 275 311 394 593 6 146 454 209 499
test_Nagakute_00231.jpg,8 120 315 271 472 1 183 354 271 475
test_Nagakute_00232.jpg,5 77 389 362 594 2 255 360 457 590 5 168 368 468 594
test_Nagakute_00233.jpg,1 341 373 498 589 2 150 335 277 589
test_Nagakute_00234.jpg,2 314 330 592 525
test_Nagakute_00235.jpg,8 0 327 205 490
test_Nagakute_00236.jpg,8 248 335 496 597 1 268 384 352 581
test_Nagakute_00237.jpg,1 63 384 183 593 1 212 422 282 519
test_Nagakute_00238.jpg,1 413 357 591 544 3 38 419 590 587
test_Nagakute_00239.jpg,1 225 409 327 594 8 289 386 476 592 2 6 408 74 586
test_Nagakute_00240.jpg,8 290 295 600 539 1 201 324 299 411
test_Nagakute_00241.jpg,8 415 358 600 497 8 16 320 265 600 2 314 338 385 594
test_Nagakute_00242.jpg,2 0 384 181 595 2 301 368 415 580
test_Nagakute_00243.jpg,1 147 507 237 582 2 340 449 488 593
test_Nagakute_00244.jpg,8 0 321 193 495 1 298 394 398 529
test_Nagakute_00245.jpg,8 0 298 127 437 2 168 339 235 591 8 241 343 586 595
test_Nagakute_00246.jpg,2 249 354 327 592
test_Nagakute_00247.jpg,8 0 309 271 568 8 347 318 600 599 2 262 320 339 597
test_Nagakute_00248.jpg,8 241 314 596 600 1 85 477 194 584
test_Nagakute_00249.jpg,2 172 337 247 590
test_Nagakute_00250.jpg,7 1 399 584 592
test_Nagakute_00251.jpg,8 343 311 598 549
test_Nagakute_00252.jpg,8 258 303 540 595
test_Nagakute_00253.jpg,8 339 480 478 595
test_Nagakute_00254.jpg,8 0 319 205 496
test_Nagakute_00255.jpg,5 43 376 579 585 8 306 357 592 537
test_Nagakute_00256.jpg,1 287 506 353 574
test_Nagakute_00257.jpg,5 315 318 598 600 8 135 271 279 595
test_Nagakute_00258.jpg,5 349 441 476 552
test_Nagakute_00259.jpg,1 305 382 490 594 8 0 306 224 577
test_Nagakute_00260.jpg,2 260 317 472 599 5 37 365 530 596 3 338 407 564 481
test_Nagakute_00261.jpg,8 0 312 197 547 2 466 383 593 465
test_Nagakute_00262.jpg,1 283 397 388 581 8 3 313 203 476 1 8 330 199 478
test_Nagakute_00263.jpg,1 326 356 423 502
test_Nagakute_00264.jpg,5 35 275 314 600 6 438 295 600 412
test_Nagakute_00265.jpg,2 154 331 262 506 2 261 346 591 591
test_Nagakute_00266.jpg,1 236 309 294 477 1 48 352 172 464
test_Nagakute_00267.jpg,5 384 359 599 558 8 0 331 225 581 2 40 336 228 586
test_Nagakute_00268.jpg,8 82 245 226 593 5 100 293 490 595
test_Nagakute_00269.jpg,5 156 374 293 497 6 172 382 287 463
test_Nagakute_00270.jpg,1 238 355 330 522 8 0 289 222 454 1 44 351 195 514
test_Nagakute_00271.jpg,8 88 246 218 597 2 312 459 392 596 1 452 462 559 591
test_Nagakute_00272.jpg,1 461 429 576 529
test_Nagakute_00273.jpg,8 2 236 218 572 5 325 309 575 596 2 238 250 320 581
test_Nagakute_00274.jpg,5 0 471 342 595 8 315 371 519 588
test_Numazu_00001.jpg,5 41 459 211 591 8 293 407 351 469 2 241 452 296 588
test_Numazu_00002.jpg,6 15 412 208 595
test_Numazu_00003.jpg,7 21 379 599 595
test_Numazu_00004.jpg,3 144 485 582 597
test_Numazu_00005.jpg,5 145 480 367 595
test_Numazu_00006.jpg,6 52 431 468 590
test_Numazu_00007.jpg,2 331 375 583 568
test_Numazu_00008.jpg,1 185 473 268 592
test_Numazu_00009.jpg,5 93 335 494 591
test_Numazu_00010.jpg,8 37 289 206 594
test_Numazu_00011.jpg,5 3 357 585 599
test_Numazu_00012.jpg,8 0 367 89 466
test_Numazu_00013.jpg,5 135 287 233 398
test_Numazu_00014.jpg,6 77 437 349 596
test_Numazu_00015.jpg,5 16 301 330 592
test_Numazu_00016.jpg,2 317 347 447 527
test_Numazu_00017.jpg,8 379 363 598 573
test_Numazu_00018.jpg,7 57 376 597 595 6 57 376 597 595
test_Numazu_00019.jpg,8 1 447 116 559 8 274 381 492 595
test_Numazu_00020.jpg,1 25 402 235 598
test_Numazu_00021.jpg,8 251 321 353 451 2 34 294 192 558 1 203 365 299 546
test_Numazu_00022.jpg,5 428 341 595 595
test_Numazu_00023.jpg,8 87 321 217 468 2 275 326 327 450
test_Numazu_00024.jpg,8 317 286 600 551 2 179 377 242 583 8 1 285 206 500
test_Numazu_00025.jpg,2 334 329 483 580 2 219 405 278 576
test_Numazu_00026.jpg,1 245 304 394 526 6 1 430 186 551
test_Numazu_00027.jpg,6 345 343 428 383
test_Numazu_00028.jpg,5 220 340 512 587
test_Numazu_00029.jpg,5 12 403 553 595
test_Numazu_00030.jpg,8 184 295 347 572
test_Numazu_00031.jpg,8 11 258 209 576 1 339 364 568 556
test_Numazu_00032.jpg,8 317 300 596 540 8 1 287 157 424 1 136 310 231 517
test_Numazu_00033.jpg,1 143 344 333 582
test_Numazu_00034.jpg,5 240 365 407 585
test_Numazu_00035.jpg,8 53 319 195 591 2 249 342 332 586
test_Numazu_00036.jpg,8 343 387 556 594 2 31 277 165 586
test_Numazu_00037.jpg,5 12 426 108 596 2 15 421 106 593
test_Numazu_00038.jpg,5 233 433 543 599
test_Numazu_00039.jpg,8 332 433 386 489 2 264 356 403 505 2 384 498 478 594
test_Numazu_00040.jpg,8 16 273 197 598 8 333 301 596 470 1 218 307 293 429
test_Numazu_00041.jpg,2 302 368 388 582 2 0 301 185 510 8 175 269 249 313 4 315 364 427 396
test_Numazu_00042.jpg,3 68 415 287 505
test_Numazu_00043.jpg,2 298 458 377 593
test_Numazu_00044.jpg,8 372 292 599 480 2 124 304 227 584
test_Numazu_00045.jpg,1 270 444 398 591 2 90 332 229 591
test_Numazu_00046.jpg,2 254 301 370 590
test_Numazu_00047.jpg,2 325 326 530 580
test_Numazu_00048.jpg,7 0 332 411 524
test_Numazu_00049.jpg,2 47 276 218 593 1 422 434 544 562 1 267 348 341 429
test_Numazu_00050.jpg,7 64 400 577 585
test_Numazu_00051.jpg,5 6 357 598 571
test_Numazu_00052.jpg,2 128 377 226 581
test_Numazu_00053.jpg,1 343 373 491 576 8 402 350 598 557
test_Numazu_00054.jpg,2 254 382 340 592 8 335 405 554 590
test_Numazu_00055.jpg,2 262 364 433 593
test_Numazu_00056.jpg,7 41 406 588 596 6 87 335 258 414
test_Numazu_00057.jpg,8 13 358 207 596 8 435 470 596 582 5 61 414 578 593
test_Numazu_00058.jpg,5 95 414 257 594
test_Numazu_00059.jpg,7 12 359 559 582
test_Numazu_00060.jpg,5 10 430 440 597 6 154 400 207 431
test_Numazu_00061.jpg,1 326 484 419 569 1 491 472 589 582
test_Numazu_00062.jpg,5 67 391 234 554 8 269 296 568 501 5 268 419 535 591
test_Numazu_00063.jpg,5 21 346 414 576
test_Numazu_00064.jpg,4 199 430 249 596
test_Numazu_00065.jpg,2 292 318 386 457
test_Numazu_00066.jpg,2 283 291 496 573
test_Numazu_00067.jpg,8 0 294 184 539 5 307 347 586 593
test_Numazu_00068.jpg,5 422 443 565 596 1 421 440 565 596 5 148 403 306 578 1 149 405 307 580
test_Numazu_00069.jpg,5 472 470 596 594 2 162 374 236 457
test_Numazu_00070.jpg,3 40 419 406 580 8 289 391 436 590 1 193 411 397 584
test_Numazu_00071.jpg,8 36 317 182 587
test_Numazu_00072.jpg,8 333 326 522 471 8 183 272 259 375 1 98 359 166 441
test_Numazu_00073.jpg,7 15 416 588 591
test_Numazu_00074.jpg,8 286 302 470 586 2 287 297 471 583 3 356 374 580 437
test_Numazu_00075.jpg,5 14 393 259 590
test_Numazu_00076.jpg,2 279 266 318 411
test_Numazu_00077.jpg,1 265 410 352 581 1 419 383 489 568
test_Numazu_00078.jpg,6 176 386 336 596
test_Numazu_00079.jpg,8 308 413 553 598
test_Numazu_00080.jpg,8 284 401 442 594 1 469 492 594 582
test_Numazu_00081.jpg,1 271 322 458 579 8 30 265 219 599 8 368 313 591 463
test_Numazu_00082.jpg,8 36 380 203 590 1 274 430 403 588
test_Numazu_00083.jpg,8 228 344 500 592 5 21 365 321 570
test_Numazu_00084.jpg,6 54 420 281 595
test_Numazu_00085.jpg,5 263 363 464 590
test_Numazu_00086.jpg,2 273 412 362 579 2 53 368 198 588 8 2 360 186 549
test_Numazu_00087.jpg,5 74 425 247 594 2 324 352 520 591 2 236 325 304 568
test_Numazu_00088.jpg,8 0 354 194 592 8 407 464 596 596 5 150 389 593 589
test_Numazu_00089.jpg,5 242 390 498 582 6 240 386 493 585
test_Numazu_00090.jpg,2 288 346 406 591
test_Numazu_00091.jpg,8 25 275 219 597 8 376 325 598 477 1 193 411 256 589 1 300 421 431 576
test_Numazu_00092.jpg,1 159 374 246 590
test_Numazu_00093.jpg,2 172 308 213 384 8 98 284 170 325
test_Numazu_00094.jpg,2 135 291 209 397 2 297 297 411 408
test_Numazu_00095.jpg,5 235 305 403 584 5 15 375 406 592
test_Numazu_00096.jpg,8 2 289 202 533 8 0 443 145 591
test_Numazu_00097.jpg,5 129 401 296 590
test_Numazu_00098.jpg,6 156 415 417 596
test_Numazu_00099.jpg,5 147 495 299 597
test_Numazu_00100.jpg,2 353 488 459 595
test_Numazu_00101.jpg,5 217 322 405 575 2 300 316 455 571
test_Numazu_00102.jpg,5 218 350 570 595
test_Numazu_00103.jpg,2 206 379 261 566
test_Numazu_00104.jpg,5 2 341 534 591 6 302 406 534 589 6 131 374 536 586 5 19 323 239 600
test_Numazu_00105.jpg,2 346 343 559 575
test_Numazu_00106.jpg,5 54 398 579 579
test_Numazu_00107.jpg,8 110 285 275 559 8 432 394 600 545 5 106 301 524 564
test_Numazu_00108.jpg,5 439 411 598 569
test_Numazu_00109.jpg,1 229 382 342 564
test_Numazu_00110.jpg,5 146 350 289 579
test_Numazu_00111.jpg,8 5 416 176 577 8 282 322 377 599
test_Numazu_00112.jpg,5 295 441 465 599
test_Numazu_00113.jpg,8 3 280 197 475
test_Numazu_00114.jpg,2 30 283 190 582
test_Numazu_00115.jpg,1 210 291 260 421 8 299 271 597 584
test_Numazu_00116.jpg,1 196 373 277 526
test_Numazu_00117.jpg,6 96 388 258 463
test_Numazu_00118.jpg,1 81 352 189 502 8 324 302 576 595
test_Numazu_00119.jpg,2 272 361 513 594
test_Numazu_00120.jpg,5 228 324 464 595
test_Numazu_00121.jpg,8 19 420 144 569 2 269 277 335 396 1 343 469 413 581
test_Numazu_00122.jpg,1 5 388 131 579
test_Numazu_00123.jpg,8 21 321 192 600 5 247 396 404 591 2 380 360 457 426
test_Numazu_00124.jpg,8 349 316 594 513 2 283 297 454 561 1 130 446 221 592
test_Numazu_00125.jpg,7 91 437 580 597
test_Numazu_00126.jpg,2 196 383 255 594
test_Numazu_00127.jpg,5 164 468 468 597 2 126 444 177 584
test_Numazu_00128.jpg,6 35 364 460 588
test_Numazu_00129.jpg,5 253 267 409 382 5 298 424 497 567 2 254 434 293 574
test_Numazu_00130.jpg,2 313 397 451 547 5 16 385 365 573 6 31 404 188 537
test_Numazu_00131.jpg,5 40 375 275 593
test_Numazu_00132.jpg,5 51 334 277 594 2 305 374 472 591 1 307 380 472 591
test_Numazu_00133.jpg,3 332 378 535 449
test_Numazu_00134.jpg,8 2 275 203 595 1 212 363 291 500 8 330 293 600 482
test_Numazu_00135.jpg,2 4 345 132 489 1 168 341 251 590 1 283 353 359 442
test_Numazu_00136.jpg,2 126 380 215 575
test_Numazu_00137.jpg,1 174 364 272 585 5 160 348 586 580
test_Numazu_00138.jpg,5 0 408 591 597 5 4 384 190 492
test_Numazu_00139.jpg,2 52 401 205 560 1 497 493 593 567
test_Numazu_00140.jpg,5 252 284 535 407
test_Numazu_00141.jpg,2 252 354 338 587 8 302 343 502 576
test_Numazu_00142.jpg,8 0 267 201 503 2 411 348 599 521
test_Numazu_00143.jpg,1 328 369 483 577 8 0 317 166 504
test_Numazu_00144.jpg,5 49 339 590 585 8 284 312 457 600 5 4 304 177 594 8 431 408 598 549
test_Numazu_00145.jpg,2 310 332 493 577 8 348 311 520 407
test_Numazu_00146.jpg,2 307 320 490 580 1 306 322 491 581
test_Numazu_00147.jpg,5 32 406 421 598
test_Numazu_00148.jpg,1 178 292 249 370 2 63 309 136 588 1 65 309 136 590
test_Numazu_00149.jpg,5 9 384 555 594
test_Numazu_00150.jpg,5 176 358 590 523
test_Numazu_00151.jpg,8 366 399 596 588
test_Numazu_00152.jpg,1 275 487 337 590
test_Numazu_00153.jpg,8 120 376 362 593 8 394 374 598 600
test_Numazu_00154.jpg,7 0 396 595 590
test_Numazu_00155.jpg,1 24 397 143 588 5 291 344 560 587 8 0 279 186 495 8 301 332 573 583
test_Numazu_00156.jpg,8 336 306 594 539
test_Numazu_00157.jpg,6 52 406 356 582
test_Numazu_00158.jpg,2 318 285 494 591
test_Numazu_00159.jpg,1 23 419 171 588 8 320 288 425 430
test_Numazu_00160.jpg,7 9 418 588 599 8 273 288 364 372
test_Numazu_00161.jpg,8 338 285 600 527
test_Numazu_00162.jpg,8 1 316 176 582 1 291 328 415 494 8 415 343 598 482
test_Numazu_00163.jpg,5 114 328 536 589
test_Numazu_00164.jpg,1 2 335 187 536 8 341 327 598 579
test_Numazu_00165.jpg,5 4 295 195 577
test_Numazu_00166.jpg,1 60 408 174 589 8 0 328 162 512
test_Numazu_00167.jpg,7 5 396 578 596
test_Numazu_00168.jpg,8 278 301 481 600 8 106 310 221 388
test_Numazu_00169.jpg,5 77 287 211 592 6 70 291 210 586
test_Numazu_00170.jpg,7 119 344 589 523
test_Numazu_00171.jpg,5 134 324 292 440
test_Numazu_00172.jpg,1 157 296 258 479 8 326 274 600 538
test_Numazu_00173.jpg,2 162 270 247 479 8 14 466 134 590
test_Numazu_00174.jpg,8 19 253 212 576 5 296 334 559 570
test_Numazu_00175.jpg,8 286 411 522 596 1 181 425 251 582 8 0 407 185 549
test_Numazu_00176.jpg,2 228 319 337 587 2 387 407 580 574 1 1 391 140 514 5 3 393 139 513
test_Numazu_00177.jpg,1 115 408 224 588 1 314 477 484 594 6 309 477 481 593
test_Numazu_00178.jpg,5 146 497 329 596
test_Numazu_00179.jpg,6 205 482 351 587 2 247 303 354 586
test_Numazu_00180.jpg,8 285 412 500 595
test_Numazu_00181.jpg,2 254 300 396 583 2 331 314 592 526
test_Numazu_00182.jpg,1 66 495 174 595
test_Numazu_00183.jpg,5 56 364 487 580
test_Numazu_00184.jpg,5 176 460 600 596
test_Numazu_00185.jpg,8 4 297 144 597 8 406 403 598 569 5 140 391 295 568 1 137 395 288 568
test_Numazu_00186.jpg,5 252 346 585 581
test_Numazu_00187.jpg,1 352 432 488 585
test_Numazu_00188.jpg,2 180 248 225 331
test_Numazu_00189.jpg,5 181 331 596 595
test_Numazu_00190.jpg,1 83 347 189 470 2 345 368 552 593 2 255 305 312 475 8 183 296 258 340
test_Numazu_00191.jpg,1 259 356 464 571
test_Numazu_00192.jpg,1 366 359 592 581 2 39 256 217 586
test_Numazu_00193.jpg,8 341 289 596 534 1 42 426 156 571
test_Numazu_00194.jpg,8 323 335 461 497 1 150 375 242 531
test_Numazu_00195.jpg,5 4 391 313 596
test_Numazu_00196.jpg,8 282 276 600 581
test_Numazu_00197.jpg,5 205 310 283 401
test_Numazu_00198.jpg,5 240 344 557 578
test_Numazu_00199.jpg,8 346 323 598 550 8 0 331 115 441
test_Numazu_00200.jpg,6 192 345 541 581
test_Numazu_00201.jpg,2 317 470 383 586 2 450 472 503 593
test_Numazu_00202.jpg,8 1 278 215 463 8 435 472 552 593
test_Numazu_00203.jpg,5 104 323 559 570
test_Numazu_00204.jpg,5 23 406 535 588
test_Numazu_00205.jpg,6 159 506 296 598
test_Numazu_00206.jpg,2 72 277 181 428
test_Numazu_00207.jpg,2 424 402 570 572
test_Numazu_00208.jpg,8 321 420 428 505 1 259 461 324 589
test_Numazu_00209.jpg,2 325 424 433 588 1 325 423 434 590
test_Numazu_00210.jpg,5 316 453 495 597 6 99 417 486 591
test_Numazu_00211.jpg,5 4 388 196 591
test_Numazu_00212.jpg,8 281 413 588 600
test_Numazu_00213.jpg,8 0 259 268 453 8 424 276 599 495 3 116 397 490 569
test_Numazu_00214.jpg,5 7 352 226 587 5 20 383 400 588
test_Numazu_00215.jpg,8 0 250 207 476 5 105 324 552 571 8 322 288 589 523
test_Numazu_00216.jpg,5 59 325 236 598 5 341 321 585 581
test_Numazu_00217.jpg,6 340 412 580 593
test_Numazu_00218.jpg,5 297 420 488 519
test_Numazu_00219.jpg,8 4 353 592 588
test_Numazu_00220.jpg,5 260 375 423 590 6 260 375 420 590
test_Numazu_00221.jpg,2 248 294 336 582 8 309 335 397 444
test_Numazu_00222.jpg,1 203 385 298 507
test_Numazu_00223.jpg,2 304 415 390 585 1 305 421 392 588
test_Numazu_00224.jpg,5 85 428 453 597
test_Numazu_00225.jpg,5 164 348 543 590 2 139 294 219 573
test_Numazu_00226.jpg,5 225 372 445 589 8 299 322 363 387
test_Numazu_00227.jpg,8 41 362 228 595 5 47 417 584 595
test_Numazu_00228.jpg,8 265 409 357 552
test_Numazu_00229.jpg,2 2 301 101 492 6 191 308 326 359
test_Numazu_00230.jpg,8 89 303 212 474 2 285 417 460 576
test_Numazu_00231.jpg,5 14 386 439 596
test_Numazu_00232.jpg,2 269 300 403 592
test_Numazu_00233.jpg,8 346 293 600 497 1 166 362 273 553 1 156 373 394 573
test_Numazu_00234.jpg,1 223 308 300 566
test_Numazu_00235.jpg,1 59 334 205 560 8 337 313 600 570
test_Numazu_00236.jpg,5 35 331 459 596
test_Numazu_00237.jpg,5 67 389 421 599
test_Numazu_00238.jpg,2 311 336 485 575 8 425 377 592 559
test_Numazu_00239.jpg,6 236 426 360 515 6 284 409 541 597
test_Numazu_00240.jpg,2 249 364 401 590
test_Numazu_00241.jpg,2 267 283 368 571
test_Numazu_00242.jpg,8 104 271 261 594 5 288 362 550 581
test_Numazu_00243.jpg,8 0 316 156 494 5 149 316 288 395
test_Numazu_00244.jpg,2 288 397 338 593
test_Numazu_00245.jpg,6 182 291 321 593
test_Numazu_00246.jpg,5 262 431 563 591 2 270 410 376 600
test_Numazu_00247.jpg,5 24 465 529 599
test_Numazu_00248.jpg,2 236 348 297 584
test_Numazu_00249.jpg,2 271 369 488 589 3 325 426 493 466
test_Numazu_00250.jpg,2 108 309 245 578 2 282 280 558 589
test_Numazu_00251.jpg,8 324 420 443 535
test_Numazu_00252.jpg,1 6 471 172 582 1 216 466 405 577
test_Numazu_00253.jpg,2 305 304 531 582
test_Numazu_00254.jpg,1 100 328 254 596
test_Numazu_00255.jpg,8 311 369 423 595
test_Numazu_00256.jpg,5 8 360 479 597 8 165 311 307 381
test_Numazu_00257.jpg,5 44 287 302 396
test_Numazu_00258.jpg,1 165 310 223 377
test_Numazu_00259.jpg,1 349 440 419 591
test_Numazu_00260.jpg,2 200 368 358 587
test_Numazu_00261.jpg,2 79 263 224 584 2 95 372 175 579
test_Numazu_00262.jpg,8 311 304 581 597 8 367 297 449 346 1 71 373 306 582 8 143 384 303 588
test_Numazu_00263.jpg,8 155 310 241 419 5 180 347 433 580
test_Numazu_00264.jpg,8 190 317 349 481 1 33 377 203 566
test_Numazu_00265.jpg,8 22 369 190 598 2 263 373 486 595
test_Numazu_00266.jpg,1 226 463 284 596
test_Numazu_00267.jpg,5 491 487 596 595
test_Numazu_00268.jpg,8 139 360 302 595
test_Numazu_00269.jpg,5 18 331 474 584
test_Numazu_00270.jpg,7 387 419 600 537
test_Numazu_00271.jpg,8 374 332 598 541 8 97 299 505 552 1 350 361 519 568
test_Numazu_00272.jpg,8 301 321 386 436 1 215 323 309 582
test_Numazu_00273.jpg,2 207 281 339 590
test_Numazu_00274.jpg,6 74 457 342 584
test_Numazu_00275.jpg,2 326 303 412 588
test_Numazu_00276.jpg,7 2 370 597 573
test_Numazu_00277.jpg,8 308 397 541 597 8 0 385 160 526
test_Numazu_00278.jpg,2 177 319 217 387
test_Numazu_00279.jpg,8 318 412 471 593 2 76 417 203 590 2 294 405 388 587
test_Numazu_00280.jpg,2 254 314 344 577
test_Numazu_00281.jpg,5 8 355 229 591
test_Numazu_00282.jpg,6 28 406 426 597
test_Numazu_00283.jpg,6 119 335 582 561
test_Numazu_00284.jpg,2 240 339 304 581
test_Numazu_00285.jpg,5 276 420 597 598 8 143 402 220 597
test_Numazu_00286.jpg,5 45 382 237 591
test_Numazu_00287.jpg,3 347 456 557 531
test_Numazu_00288.jpg,2 303 425 416 574
test_Numazu_00289.jpg,5 176 396 577 597
test_Numazu_00290.jpg,1 506 470 598 578 1 197 373 332 485 7 40 289 598 412
test_Numazu_00291.jpg,5 184 433 285 575
test_Numazu_00292.jpg,2 323 314 543 545
test_Numazu_00293.jpg,5 192 342 589 586
test_Numazu_00294.jpg,8 0 285 179 460 5 136 390 257 579 3 327 409 517 454 1 136 392 255 581
test_Numazu_00295.jpg,2 322 401 417 591 8 0 314 142 443 2 300 308 440 591 8 522 427 595 529
test_Numazu_00296.jpg,6 100 382 253 592
test_Numazu_00297.jpg,5 282 448 446 595 8 262 378 334 456
test_Numazu_00298.jpg,8 387 395 552 596 1 67 427 356 590 1 192 300 271 397 5 67 424 355 592 3 67 421 355 592
test_Numazu_00299.jpg,8 379 329 597 547 5 312 321 484 487
test_Numazu_00300.jpg,2 82 383 185 508 2 283 413 354 510 1 322 418 548 591
test_Numazu_00301.jpg,5 20 289 416 586 1 338 340 502 588
test_Numazu_00302.jpg,2 2 340 117 482 1 417 450 525 571
test_Numazu_00303.jpg,2 2 328 180 514
test_Numazu_00304.jpg,8 293 282 600 572
test_Numazu_00305.jpg,1 15 457 168 590
test_Numazu_00306.jpg,8 0 314 174 492 8 366 302 600 494 1 203 294 286 438
test_Numazu_00307.jpg,8 1 259 196 549 1 212 362 383 578
test_Numazu_00308.jpg,8 199 408 373 547 5 25 414 342 588
test_Numazu_00309.jpg,5 318 388 431 498
test_Numazu_00310.jpg,2 51 351 119 419 2 295 364 414 591 3 403 483 600 546
test_Numazu_00311.jpg,5 60 409 567 594
test_Numazu_00312.jpg,5 49 322 258 595
test_Numazu_00313.jpg,1 122 319 225 461 8 0 252 135 400
test_Numazu_00314.jpg,2 261 390 330 594
test_Numazu_00315.jpg,8 1 365 109 499 1 298 425 421 564 8 346 344 564 589 5 296 422 420 567
test_Numazu_00316.jpg,5 1 303 212 514
test_Numazu_00317.jpg,2 352 419 525 596
test_Numazu_00318.jpg,8 95 367 235 592 2 327 397 499 592
test_Numazu_00319.jpg,0 -1 -1 -1 -1
test_Numazu_00320.jpg,2 71 350 183 586 2 364 369 583 571
test_Numazu_00321.jpg,7 0 334 596 548
test_Numazu_00322.jpg,0 -1 -1 -1 -1
test_Numazu_00323.jpg,7 51 334 600 490
test_Numazu_00324.jpg,8 57 373 285 584
test_Numazu_00325.jpg,8 2 383 160 560 2 50 398 164 577
test_Numazu_00326.jpg,8 341 287 600 472 5 309 341 586 595
test_Numazu_00327.jpg,2 98 416 175 560 7 263 417 595 577
test_Numazu_00328.jpg,8 286 295 541 595 8 0 297 174 483 5 42 490 237 595
test_Numazu_00329.jpg,8 31 266 225 595 1 187 324 361 467 8 373 320 598 482
test_Numazu_00330.jpg,5 17 384 177 595 5 220 361 460 583
test_Numazu_00331.jpg,8 22 349 168 600
test_Numazu_00332.jpg,2 313 326 379 438
test_Numazu_00333.jpg,7 6 433 594 600
test_Numazu_00334.jpg,1 218 454 305 589
test_Numazu_00335.jpg,2 3 287 217 516 5 344 335 591 578
test_Numazu_00336.jpg,8 74 298 213 600 8 346 409 583 596 8 299 321 523 596
test_Numazu_00337.jpg,8 34 371 195 591 8 350 471 588 597
test_Numazu_00338.jpg,5 412 472 596 580 8 52 454 191 594 8 252 423 371 557
test_Numazu_00339.jpg,8 1 281 201 549 8 309 286 600 586
test_Numazu_00340.jpg,5 369 387 587 583 8 0 381 119 539 3 22 505 289 597
test_Numazu_00341.jpg,2 231 346 455 594 3 323 485 572 563 8 378 412 537 507
test_Numazu_00342.jpg,1 114 378 258 594 2 420 372 598 481
test_Numazu_00343.jpg,7 6 386 578 596
test_Numazu_00344.jpg,5 61 412 403 547 8 17 412 600 552
test_Numazu_00345.jpg,3 82 396 207 484
test_Numazu_00346.jpg,6 4 437 428 588
test_Numazu_00347.jpg,2 127 390 212 580
test_Numazu_00348.jpg,8 433 454 592 593
test_Numazu_00349.jpg,8 96 300 416 405
test_Numazu_00350.jpg,2 305 344 372 576
test_Numazu_00351.jpg,5 25 360 587 560
test_Numazu_00352.jpg,5 63 448 250 596
test_Numazu_00353.jpg,2 291 332 460 596
test_Numazu_00354.jpg,1 382 408 532 569 8 0 328 149 523
test_Numazu_00355.jpg,2 237 394 308 582
test_Numazu_00356.jpg,5 119 435 599 598 2 81 445 182 596
test_Numazu_00357.jpg,8 283 361 560 596
test_Numazu_00358.jpg,8 160 385 262 444 2 227 424 285 583 3 233 518 460 574
test_Numazu_00359.jpg,5 88 388 596 597 2 82 380 226 590
test_Numazu_00360.jpg,8 311 283 598 588 8 0 268 181 461 5 0 311 153 526 1 171 318 249 567
test_Numazu_00361.jpg,0 -1 -1 -1 -1
test_Numazu_00362.jpg,2 234 350 308 567 1 59 420 141 497
test_Numazu_00363.jpg,2 196 274 276 582 3 217 435 436 504 1 124 312 184 407
test_Numazu_00364.jpg,2 247 357 420 593
test_Numazu_00365.jpg,8 28 381 600 542
test_Numazu_00366.jpg,8 245 436 321 586 7 73 264 384 376 2 316 378 425 570
test_Numazu_00367.jpg,5 111 415 221 569
test_Numazu_00368.jpg,8 81 389 378 592 8 0 322 159 493 1 363 440 492 590
test_Numazu_00369.jpg,3 223 348 503 556
test_Numazu_00370.jpg,2 250 362 326 581 8 189 321 321 372
test_Numazu_00371.jpg,5 14 351 484 593
test_Numazu_00372.jpg,5 234 306 582 599 2 126 296 256 594
test_Numazu_00373.jpg,7 0 323 571 483
test_Numazu_00374.jpg,6 17 407 228 583 2 270 308 378 580
test_Numazu_00375.jpg,5 78 460 439 594
test_Numazu_00376.jpg,8 150 424 434 593 5 76 389 445 590
test_Numazu_00377.jpg,2 73 327 262 592
test_Numazu_00378.jpg,8 304 292 590 568 8 0 275 176 459 1 4 363 122 538 8 2 317 149 527
test_Numazu_00379.jpg,4 147 391 455 522
test_Numazu_00380.jpg,7 4 382 579 596
test_Numazu_00381.jpg,2 235 312 312 469 2 31 317 161 453
test_Numazu_00382.jpg,1 406 440 595 567 7 169 327 600 452
test_Numazu_00383.jpg,2 414 336 536 583 2 292 314 365 570
test_Numazu_00384.jpg,7 140 323 600 455
test_Numazu_00385.jpg,5 21 351 205 594
test_Numazu_00386.jpg,8 0 307 142 507 8 360 365 596 573 1 136 358 199 574 2 358 368 593 572
test_Numazu_00387.jpg,1 263 390 309 459
test_Numazu_00388.jpg,2 52 280 197 579 5 69 298 245 592
test_Numazu_00389.jpg,5 170 357 548 593
test_Numazu_00390.jpg,5 89 396 261 597 2 471 480 596 579
test_Numazu_00391.jpg,5 11 364 382 587
test_Numazu_00392.jpg,2 274 325 350 581
test_Numazu_00393.jpg,1 322 276 595 447
test_Numazu_00394.jpg,5 125 364 560 578 6 124 364 558 578 6 132 331 219 555
test_Numazu_00395.jpg,2 73 366 224 597
test_Numazu_00396.jpg,2 294 452 374 595
test_Numazu_00397.jpg,2 235 387 308 592
test_Numazu_00398.jpg,8 343 340 483 521 8 12 272 195 442 5 104 341 390 457
test_Numazu_00399.jpg,5 7 311 234 484 5 350 367 583 565 6 6 311 235 484 6 353 367 581 564
test_Numazu_00400.jpg,2 271 395 342 591 2 116 404 189 595
test_Numazu_00401.jpg,1 152 395 233 569 8 306 367 589 598 1 267 389 346 468
test_Numazu_00402.jpg,0 -1 -1 -1 -1
test_Numazu_00403.jpg,8 0 269 189 454 8 326 297 600 538
test_Numazu_00404.jpg,6 220 362 540 594
test_Numazu_00405.jpg,8 0 236 184 424 8 335 261 600 564
test_Numazu_00406.jpg,2 15 291 216 592 5 300 364 552 592 8 264 287 373 358 8 16 295 218 594
test_Numazu_00407.jpg,8 0 338 138 475 8 112 414 370 595 8 368 374 589 595 8 182 393 472 589
test_Sumida_00001.jpg,8 399 426 599 558
test_Sumida_00002.jpg,2 309 434 386 533
test_Sumida_00003.jpg,1 167 414 314 538
test_Sumida_00004.jpg,8 363 419 543 587
test_Sumida_00005.jpg,7 87 438 587 543
test_Sumida_00006.jpg,1 89 428 298 558 8 9 436 226 565
test_Sumida_00007.jpg,1 167 431 335 531
test_Sumida_00008.jpg,2 284 395 323 529
test_Sumida_00009.jpg,8 296 400 511 557 8 50 447 245 562
test_Sumida_00010.jpg,2 253 371 298 534
test_Sumida_00011.jpg,8 373 421 505 587 8 240 441 448 569
test_Sumida_00012.jpg,2 376 448 490 576
test_Sumida_00013.jpg,2 391 434 594 590
test_Sumida_00014.jpg,7 39 439 599 556
test_Sumida_00015.jpg,8 322 412 470 561
test_Sumida_00016.jpg,2 227 434 287 529
test_Sumida_00017.jpg,1 189 415 423 534
test_Sumida_00018.jpg,8 434 487 598 576 8 295 413 335 553
test_Sumida_00019.jpg,7 141 458 600 569
test_Sumida_00020.jpg,2 205 368 291 517 1 140 399 219 478
test_Sumida_00021.jpg,1 335 480 384 542 7 167 429 461 499
test_Sumida_00022.jpg,7 188 433 595 548
test_Sumida_00023.jpg,2 313 388 408 542 8 314 390 408 546
test_Sumida_00024.jpg,2 206 393 340 528 8 353 421 500 521
test_Sumida_00025.jpg,2 328 398 421 513
test_Sumida_00026.jpg,1 170 464 261 538
test_Sumida_00027.jpg,1 338 422 404 528 2 251 405 303 521
test_Sumida_00028.jpg,2 345 392 478 553
test_Sumida_00029.jpg,2 343 408 454 549
test_Sumida_00030.jpg,8 355 416 527 557
test_Sumida_00031.jpg,8 327 389 555 571
test_Sumida_00032.jpg,7 10 469 595 596
test_Sumida_00033.jpg,2 324 401 417 515
test_Sumida_00034.jpg,1 341 402 393 451 7 128 432 600 545
test_Sumida_00035.jpg,2 324 407 413 550
test_Sumida_00036.jpg,2 194 389 270 451 2 33 436 201 560
test_Sumida_00037.jpg,2 153 417 290 563
test_Sumida_00038.jpg,2 270 433 345 537
test_Sumida_00039.jpg,0 -1 -1 -1 -1
test_Sumida_00040.jpg,0 -1 -1 -1 -1
test_Sumida_00041.jpg,2 335 422 392 502
test_Sumida_00042.jpg,8 245 398 337 455 1 381 426 439 465
test_Sumida_00043.jpg,2 333 463 382 548
test_Sumida_00044.jpg,2 353 411 460 532
test_Sumida_00045.jpg,7 189 433 595 548
test_Sumida_00046.jpg,2 314 399 378 537
test_Sumida_00047.jpg,2 351 386 575 531
test_Sumida_00048.jpg,2 261 421 311 547 8 375 437 489 563
test_Sumida_00049.jpg,8 366 424 534 560 2 335 423 404 543
test_Sumida_00050.jpg,2 338 402 402 548
test_Sumida_00051.jpg,8 388 432 560 563
test_Sumida_00052.jpg,2 110 404 251 561
test_Sumida_00053.jpg,8 323 400 428 539
test_Sumida_00054.jpg,2 228 426 283 534
test_Sumida_00055.jpg,8 366 426 536 559 2 339 431 403 540
test_Sumida_00056.jpg,0 -1 -1 -1 -1
test_Sumida_00057.jpg,7 188 432 600 548
test_Sumida_00058.jpg,8 327 444 580 564 2 30 416 213 516
test_Sumida_00059.jpg,2 321 404 409 538
test_Sumida_00060.jpg,2 54 481 156 565
test_Sumida_00061.jpg,2 367 434 440 546 8 35 439 203 569
test_Sumida_00062.jpg,8 383 413 597 560
test_Sumida_00063.jpg,2 395 419 597 518
test_Sumida_00064.jpg,2 102 402 195 533
test_Sumida_00065.jpg,8 364 415 563 564
test_Sumida_00066.jpg,1 140 441 294 556 8 329 407 598 566
test_Sumida_00067.jpg,2 300 408 330 460
test_Sumida_00068.jpg,2 334 407 417 547 8 350 399 455 500
test_Sumida_00069.jpg,8 398 438 596 591
test_Sumida_00070.jpg,7 70 423 557 531
test_Sumida_00071.jpg,2 350 447 389 543 8 102 420 280 562
test_Sumida_00072.jpg,7 185 420 574 526
test_Sumida_00073.jpg,1 282 414 357 521 2 267 400 348 540
test_Sumida_00074.jpg,7 104 438 590 573
test_Sumida_00075.jpg,2 219 399 291 531
test_Sumida_00076.jpg,2 340 419 410 552
test_Sumida_00077.jpg,1 241 441 313 516 2 198 430 255 529
test_Sumida_00078.jpg,2 239 405 304 562
test_Sumida_00079.jpg,2 273 405 396 544 8 62 412 200 565
test_Sumida_00080.jpg,8 314 394 425 530
test_Sumida_00081.jpg,7 26 443 534 564
test_Sumida_00082.jpg,2 277 418 322 510
test_Sumida_00083.jpg,8 59 448 197 557 2 60 449 195 557
test_Sumida_00084.jpg,4 327 422 356 502
test_Sumida_00085.jpg,8 260 419 368 481 1 235 473 293 545 8 419 432 598 542
test_Sumida_00086.jpg,0 -1 -1 -1 -1
test_Sumida_00087.jpg,2 378 423 478 563
test_Sumida_00088.jpg,2 332 454 378 543 2 326 407 403 532 8 323 392 425 479
test_Sumida_00089.jpg,7 13 435 599 548
test_Sumida_00090.jpg,8 263 437 344 580
test_Sumida_00091.jpg,1 175 374 295 479
test_Sumida_00092.jpg,2 381 430 428 516
test_Sumida_00093.jpg,8 116 442 259 556 1 464 477 524 554 1 115 441 259 555
test_Sumida_00094.jpg,2 141 411 260 548
test_Sumida_00095.jpg,1 160 391 276 494 2 160 390 277 496
test_Sumida_00096.jpg,8 412 430 594 588 2 15 406 175 512 2 224 429 323 544
test_Sumida_00097.jpg,7 2 413 437 547
test_Sumida_00098.jpg,7 271 446 596 528
test_Sumida_00099.jpg,2 141 428 274 543
test_Sumida_00100.jpg,2 275 382 327 526
test_Sumida_00101.jpg,1 325 453 390 544
test_Sumida_00102.jpg,2 313 400 391 552
test_Sumida_00103.jpg,7 173 462 600 575
test_Sumida_00104.jpg,2 233 406 390 539 2 330 410 406 527
test_Sumida_00105.jpg,2 323 441 372 551 1 158 467 224 530
test_Sumida_00106.jpg,8 397 406 597 516
test_Sumida_00107.jpg,2 416 416 464 467
test_Sumida_00108.jpg,2 260 409 301 531
test_Sumida_00109.jpg,0 -1 -1 -1 -1
test_Sumida_00110.jpg,8 392 432 597 579
test_Sumida_00111.jpg,2 317 442 364 520
test_Sumida_00112.jpg,7 86 434 600 560
test_Sumida_00113.jpg,2 324 435 356 546
test_Sumida_00114.jpg,8 386 444 589 596
test_Sumida_00115.jpg,2 199 405 318 553
test_Sumida_00116.jpg,8 274 428 331 488
test_Sumida_00117.jpg,8 114 440 243 561 8 443 438 599 528
test_Sumida_00118.jpg,6 231 458 349 494
test_Sumida_00119.jpg,7 7 427 580 558
test_Sumida_00120.jpg,0 -1 -1 -1 -1
test_Sumida_00121.jpg,8 4 438 217 566
test_Sumida_00122.jpg,0 -1 -1 -1 -1
test_Sumida_00123.jpg,8 5 392 221 519 2 4 388 226 521
test_Sumida_00124.jpg,8 379 434 519 570
test_Sumida_00125.jpg,2 308 409 376 546
test_Sumida_00126.jpg,2 367 427 434 501 2 164 436 241 489
test_Sumida_00127.jpg,0 -1 -1 -1 -1
test_Sumida_00128.jpg,8 70 380 177 538
test_Sumida_00129.jpg,2 183 446 297 565
test_Sumida_00130.jpg,2 369 438 432 552
test_Sumida_00131.jpg,2 274 410 317 524
test_Sumida_00132.jpg,2 396 451 498 550
test_Sumida_00133.jpg,2 176 377 290 506
test_Sumida_00134.jpg,2 140 415 227 509
test_Sumida_00135.jpg,8 374 424 593 596
test_Sumida_00136.jpg,7 8 438 597 561 1 289 404 310 443
test_Sumida_00137.jpg,2 336 431 407 537 2 2 421 177 538
test_Sumida_00138.jpg,2 266 458 310 551
test_Sumida_00139.jpg,2 171 428 260 545
test_Sumida_00140.jpg,2 334 461 365 565
test_Sumida_00141.jpg,8 380 424 598 594 1 206 459 265 512 8 64 447 208 579
test_Sumida_00142.jpg,8 318 392 413 538
test_Sumida_00143.jpg,7 103 434 600 557
test_Sumida_00144.jpg,0 -1 -1 -1 -1
test_Sumida_00145.jpg,8 379 432 552 562
test_Sumida_00146.jpg,8 88 396 258 554 8 340 402 594 565
test_Sumida_00147.jpg,2 279 399 314 514
test_Sumida_00148.jpg,2 294 397 334 540 1 335 416 437 483
test_Sumida_00149.jpg,2 240 384 285 523
test_Sumida_00150.jpg,8 385 423 562 565
test_Sumida_00151.jpg,2 363 379 509 549
test_Sumida_00152.jpg,2 389 445 499 544
test_Sumida_00153.jpg,8 343 408 415 554 2 130 424 253 514
test_Sumida_00154.jpg,8 244 401 342 457 1 384 425 441 470
test_Sumida_00155.jpg,2 279 405 323 549
test_Sumida_00156.jpg,2 198 443 271 553
test_Sumida_00157.jpg,8 140 414 270 552 8 329 424 461 551
test_Sumida_00158.jpg,1 135 399 255 525 2 134 399 255 528
test_Sumida_00159.jpg,2 178 429 314 568
test_Sumida_00160.jpg,2 389 440 532 563
test_Sumida_00161.jpg,8 337 409 566 558 2 178 434 244 505
test_Sumida_00162.jpg,8 341 404 440 462 2 129 412 268 557
test_Sumida_00163.jpg,0 -1 -1 -1 -1
test_Sumida_00164.jpg,7 176 411 600 517
test_Sumida_00165.jpg,8 420 453 570 560 2 6 414 199 557
test_Sumida_00166.jpg,2 329 383 395 544
test_Sumida_00167.jpg,8 380 434 581 595
test_Sumida_00168.jpg,2 255 435 297 543
test_Sumida_00169.jpg,2 0 406 259 567
test_Sumida_00170.jpg,2 304 383 410 537 8 304 383 410 540
test_Sumida_00171.jpg,1 287 467 341 556
test_Sumida_00172.jpg,7 131 445 600 565
test_Sumida_00173.jpg,2 156 424 254 553 1 1 470 144 569
test_Sumida_00174.jpg,8 412 398 599 564 1 267 415 323 472
test_Sumida_00175.jpg,4 333 410 555 476
test_Sumida_00176.jpg,2 285 389 328 486
test_Sumida_00177.jpg,8 390 420 594 562
test_Sumida_00178.jpg,2 277 433 313 529
test_Sumida_00179.jpg,2 355 422 476 534
test_Sumida_00180.jpg,8 134 472 227 561 8 307 435 430 560
test_Sumida_00181.jpg,1 310 450 351 504
test_Sumida_00182.jpg,1 366 460 433 558 2 273 455 313 558
test_Sumida_00183.jpg,1 382 436 450 503
test_Sumida_00184.jpg,2 315 402 375 535
test_Sumida_00185.jpg,8 225 389 305 512
test_Sumida_00186.jpg,8 398 446 593 597
test_Sumida_00187.jpg,2 331 389 513 551
test_Sumida_00188.jpg,2 109 407 214 536 1 207 452 278 520
test_Sumida_00189.jpg,8 325 403 410 524 1 283 396 360 523
test_Sumida_00190.jpg,8 325 444 421 543
test_Sumida_00191.jpg,2 330 416 381 536
test_Sumida_00192.jpg,2 246 417 295 539
test_Sumida_00193.jpg,2 179 393 282 547
test_Sumida_00194.jpg,7 188 433 596 548
test_Sumida_00195.jpg,8 405 443 598 579
test_Sumida_00196.jpg,2 179 412 222 540
test_Sumida_00197.jpg,2 216 382 279 477
test_Sumida_00198.jpg,2 365 409 508 545
test_Sumida_00199.jpg,2 176 411 289 551 8 359 412 585 581
test_Sumida_00200.jpg,1 249 429 365 556 2 412 431 476 478
test_Sumida_00201.jpg,2 356 437 424 551
test_Sumida_00202.jpg,2 262 425 311 546 2 21 441 224 522
test_Sumida_00203.jpg,8 241 476 427 538
test_Sumida_00204.jpg,8 414 419 597 550
test_Sumida_00205.jpg,8 374 418 591 580
test_Sumida_00206.jpg,2 313 459 347 535
test_Sumida_00207.jpg,2 166 401 283 551
test_Sumida_00208.jpg,6 231 411 600 558
test_Sumida_00209.jpg,2 244 440 325 545 2 392 450 511 548
test_Sumida_00210.jpg,2 335 443 385 557
test_Sumida_00211.jpg,8 343 398 565 559 8 122 406 248 536 2 120 400 250 538
test_Sumida_00212.jpg,1 315 396 375 481
test_Sumida_00213.jpg,2 305 376 438 530
test_Sumida_00214.jpg,8 61 466 195 566
test_Sumida_00215.jpg,8 369 433 597 593
test_Sumida_00216.jpg,0 -1 -1 -1 -1
test_Sumida_00217.jpg,5 154 455 451 535
test_Sumida_00218.jpg,2 236 393 298 532
test_Sumida_00219.jpg,2 229 395 304 530 8 372 398 600 571
test_Sumida_00220.jpg,2 203 393 286 540
test_Sumida_00221.jpg,2 356 425 419 534 8 401 416 599 554
test_Sumida_00222.jpg,2 281 391 317 457
test_Sumida_00223.jpg,8 334 388 516 559 2 316 393 388 539 2 316 384 442 555
test_Sumida_00224.jpg,7 50 424 553 557
test_Sumida_00225.jpg,8 379 412 570 567
test_Sumida_00226.jpg,8 212 435 309 573
test_Sumida_00227.jpg,2 347 411 457 546
test_Sumida_00228.jpg,0 -1 -1 -1 -1
